feature,target,metric,value,window_start,window_end
donchian_high_20,target_logreturn,ic,0.0017458113755547896,2020-11-03 08:00:00,2025-06-11 00:00:00
volume,target_logreturn,ic,0.0024678529277543876,2020-11-03 08:00:00,2025-06-11 00:00:00
rsi,target_logreturn,ic,-0.024906220036089718,2020-11-03 08:00:00,2025-06-11 00:00:00
macd_hist,target_logreturn,ic,-0.017021968239096408,2020-11-03 08:00:00,2025-06-11 00:00:00
kdj_j,target_logreturn,ic,-0.04106538335652397,2020-11-03 08:00:00,2025-06-11 00:00:00
momentum,target_logreturn,ic,-0.03523756341888075,2020-11-03 08:00:00,2025-06-11 00:00:00
vol_change,target_logreturn,ic,0.0036169181289437435,2020-11-03 08:00:00,2025-06-11 00:00:00
obv,target_logreturn,ic,-0.003463012308425374,2020-11-03 08:00:00,2025-06-11 00:00:00
adx,target_logreturn,ic,0.009899653581293813,2020-11-03 08:00:00,2025-06-11 00:00:00
plus_di,target_logreturn,ic,-0.02162050733236055,2020-11-03 08:00:00,2025-06-11 00:00:00
minus_di,target_logreturn,ic,0.024472456776895378,2020-11-03 08:00:00,2025-06-11 00:00:00
trend_flag,target_logreturn,ic,0.007737725680384542,2020-11-03 08:00:00,2025-06-11 00:00:00
boll_bandwidth,target_logreturn,ic,0.017350735587528143,2020-11-03 08:00:00,2025-06-11 00:00:00
range_flag,target_logreturn,ic,-0.005157313934430753,2020-11-03 08:00:00,2025-06-11 00:00:00
high_vol_flag,target_logreturn,ic,-0.0004216567944593206,2020-11-03 08:00:00,2025-06-11 00:00:00
squeeze_on,target_logreturn,ic,-0.012057775051031281,2020-11-03 08:00:00,2025-06-11 00:00:00
ppo,target_logreturn,ic,-0.009497949789748666,2020-11-03 08:00:00,2025-06-11 00:00:00
stoch_rsi_mm30,target_logreturn,ic,-0.009168499278051538,2020-11-03 08:00:00,2025-06-11 00:00:00
cloud_thickness,target_logreturn,ic,-0.006177525222818115,2020-11-03 08:00:00,2025-06-11 00:00:00
heikin_ashi_trend,target_logreturn,ic,-0.022649523880303998,2020-11-03 08:00:00,2025-06-11 00:00:00
ret_skew_30d,target_logreturn,ic,0.00030974105612037385,2020-11-03 08:00:00,2025-06-11 00:00:00
ret_kurt_30d,target_logreturn,ic,-0.0028742667882821612,2020-11-03 08:00:00,2025-06-11 00:00:00
var_95_30d,target_logreturn,ic,-0.01714471710907062,2020-11-03 08:00:00,2025-06-11 00:00:00
cvar_95_30d,target_logreturn,ic,-0.014803268147618858,2020-11-03 08:00:00,2025-06-11 00:00:00
z_score_gap,target_logreturn,ic,0.0018136997069407657,2020-11-03 08:00:00,2025-06-11 00:00:00
doji_ratio_20,target_logreturn,ic,0.00039104691862728994,2020-11-03 08:00:00,2025-06-11 00:00:00
hammer_cnt_20,target_logreturn,ic,0.017972879234370097,2020-11-03 08:00:00,2025-06-11 00:00:00
engulfing_up_cnt_20,target_logreturn,ic,-0.007090789223486748,2020-11-03 08:00:00,2025-06-11 00:00:00
mfi,target_logreturn,ic,-0.012942175719667532,2020-11-03 08:00:00,2025-06-11 00:00:00
cmf,target_logreturn,ic,-0.007702085472737421,2020-11-03 08:00:00,2025-06-11 00:00:00
price_volume_corr_20,target_logreturn,ic,-0.010439197910396941,2020-11-03 08:00:00,2025-06-11 00:00:00
price_position_ma200,target_logreturn,ic,0.0006255616788569674,2020-11-03 08:00:00,2025-06-11 00:00:00
r_sym,target_logreturn,ic,-0.048590215123083924,2020-11-03 08:00:00,2025-06-11 00:00:00
r_btc,target_logreturn,ic,-0.05223439196049068,2020-11-03 08:00:00,2025-06-11 00:00:00
beta_btc_60d,target_logreturn,ic,-0.008091596229104422,2020-11-03 08:00:00,2025-06-11 00:00:00
distance_to_pivot,target_logreturn,ic,-0.012647923869747476,2020-11-03 08:00:00,2025-06-11 00:00:00
hour_cos,target_logreturn,ic,0.005382856160928259,2020-11-03 08:00:00,2025-06-11 00:00:00
dow_sin,target_logreturn,ic,0.004810371367878499,2020-11-03 08:00:00,2025-06-11 00:00:00
dow_cos,target_logreturn,ic,-0.002447976737408243,2020-11-03 08:00:00,2025-06-11 00:00:00
trend_flag_diff1,target_logreturn,ic,0.004963068980565974,2020-11-03 08:00:00,2025-06-11 00:00:00
trend_flag_slope_24h,target_logreturn,ic,0.003375035637685224,2020-11-03 08:00:00,2025-06-11 00:00:00
range_flag_diff1,target_logreturn,ic,-0.001805322844220124,2020-11-03 08:00:00,2025-06-11 00:00:00
range_flag_slope_24h,target_logreturn,ic,-0.0011552546821308812,2020-11-03 08:00:00,2025-06-11 00:00:00
ppo_diff1,target_logreturn,ic,-0.02610862735367674,2020-11-03 08:00:00,2025-06-11 00:00:00
ppo_slope_24h,target_logreturn,ic,-0.017419433253144472,2020-11-03 08:00:00,2025-06-11 00:00:00
stoch_rsi_diff1,target_logreturn,ic,-0.009012342609585515,2020-11-03 08:00:00,2025-06-11 00:00:00
stoch_rsi_slope_24h,target_logreturn,ic,0.0013174410905951253,2020-11-03 08:00:00,2025-06-11 00:00:00
psar_diff1,target_logreturn,ic,-0.007301626718781927,2020-11-03 08:00:00,2025-06-11 00:00:00
psar_slope_24h,target_logreturn,ic,-0.003773680354128737,2020-11-03 08:00:00,2025-06-11 00:00:00
ret_skew_30d_diff1,target_logreturn,ic,0.0050945426797334705,2020-11-03 08:00:00,2025-06-11 00:00:00
ret_skew_30d_slope_24h,target_logreturn,ic,-0.006408896740183467,2020-11-03 08:00:00,2025-06-11 00:00:00
ret_kurt_30d_diff1,target_logreturn,ic,-0.004649262705979948,2020-11-03 08:00:00,2025-06-11 00:00:00
ret_kurt_30d_slope_24h,target_logreturn,ic,-0.0004697172882300205,2020-11-03 08:00:00,2025-06-11 00:00:00
mfi_diff1,target_logreturn,ic,-0.01419883540592582,2020-11-03 08:00:00,2025-06-11 00:00:00
mfi_slope_24h,target_logreturn,ic,-0.007119782278236848,2020-11-03 08:00:00,2025-06-11 00:00:00
price_position_ma200_diff1,target_logreturn,ic,-0.021660255006849347,2020-11-03 08:00:00,2025-06-11 00:00:00
price_position_ma200_slope_24h,target_logreturn,ic,-0.023528632336022946,2020-11-03 08:00:00,2025-06-11 00:00:00
macd_bullish_cross,target_logreturn,ic,-0.003321125056942086,2020-11-03 08:00:00,2025-06-11 00:00:00
rsi_overbought,target_logreturn,ic,-0.011353570618162612,2020-11-03 08:00:00,2025-06-11 00:00:00
rsi_oversold,target_logreturn,ic,0.0221780789895607,2020-11-03 08:00:00,2025-06-11 00:00:00
price_above_ma20,target_logreturn,ic,-0.02405408067396662,2020-11-03 08:00:00,2025-06-11 00:00:00
breakout_recent_high,target_logreturn,ic,-0.013525878374489143,2020-11-03 08:00:00,2025-06-11 00:00:00
distance_to_resistance,target_logreturn,ic,0.0401929759536949,2020-11-03 08:00:00,2025-06-11 00:00:00
trendline_slope_20,target_logreturn,ic,-0.011677878117882397,2020-11-03 08:00:00,2025-06-11 00:00:00
volume_relative_20,target_logreturn,ic,0.007582874279120295,2020-11-03 08:00:00,2025-06-11 00:00:00
volume_percentile,target_logreturn,ic,0.014980659898579125,2020-11-03 08:00:00,2025-06-11 00:00:00
distance_to_support,target_logreturn,ic,-0.01578839156483465,2020-11-03 08:00:00,2025-06-11 00:00:00
volume_spike_near_support,target_logreturn,ic,0.007913048683160768,2020-11-03 08:00:00,2025-06-11 00:00:00
volume_spike_near_resist,target_logreturn,ic,-0.0074712480953709375,2020-11-03 08:00:00,2025-06-11 00:00:00
obv_diff1,target_logreturn,ic,-0.03961697904084023,2020-11-03 08:00:00,2025-06-11 00:00:00
obv_pct,target_logreturn,ic,-0.016237875248690758,2020-11-03 08:00:00,2025-06-11 00:00:00
obv_slope_14,target_logreturn,ic,-0.013361055061376692,2020-11-03 08:00:00,2025-06-11 00:00:00
atr_ratio_price,target_logreturn,ic,0.01778320471233182,2020-11-03 08:00:00,2025-06-11 00:00:00
atr_ratio_range,target_logreturn,ic,-0.0154757533869894,2020-11-03 08:00:00,2025-06-11 00:00:00
atr_change,target_logreturn,ic,0.012027747384284727,2020-11-03 08:00:00,2025-06-11 00:00:00
atr_slope,target_logreturn,ic,0.007813521651049505,2020-11-03 08:00:00,2025-06-11 00:00:00
ma20_zn30,target_logreturn,ic,-0.010405643684884176,2020-11-03 08:00:00,2025-06-11 00:00:00
boll_upper_zn30,target_logreturn,ic,-0.0036935504909252174,2020-11-03 08:00:00,2025-06-11 00:00:00
boll_lower_zn30,target_logreturn,ic,-0.016248240220901624,2020-11-03 08:00:00,2025-06-11 00:00:00
support_level_20_zn30,target_logreturn,ic,-0.014287062879672357,2020-11-03 08:00:00,2025-06-11 00:00:00
donchian_high_20_zn30,target_logreturn,ic,-0.00820715299074508,2020-11-03 08:00:00,2025-06-11 00:00:00
distance_to_support_zn30,target_logreturn,ic,-0.020395693921543757,2020-11-03 08:00:00,2025-06-11 00:00:00
distance_to_resistance_zn30,target_logreturn,ic,0.034969018240221326,2020-11-03 08:00:00,2025-06-11 00:00:00
vol_ma_zn30,target_logreturn,ic,0.01227849907024745,2020-11-03 08:00:00,2025-06-11 00:00:00
volume_relative_20_zn30,target_logreturn,ic,0.0034651499849196886,2020-11-03 08:00:00,2025-06-11 00:00:00
obv_zn30,target_logreturn,ic,-0.02791849621005707,2020-11-03 08:00:00,2025-06-11 00:00:00
atr_zn30,target_logreturn,ic,0.012935883194936647,2020-11-03 08:00:00,2025-06-11 00:00:00
amplitude_range_zn30,target_logreturn,ic,0.01828377143484497,2020-11-03 08:00:00,2025-06-11 00:00:00
atr_slope_zn30,target_logreturn,ic,0.009309799025421681,2020-11-03 08:00:00,2025-06-11 00:00:00
trendline_slope_20_zn30,target_logreturn,ic,-0.008417083072982699,2020-11-03 08:00:00,2025-06-11 00:00:00
ma_diff_5_20_zn30,target_logreturn,ic,-0.013656477552613802,2020-11-03 08:00:00,2025-06-11 00:00:00
cci_zn30,target_logreturn,ic,-0.022518056469803177,2020-11-03 08:00:00,2025-06-11 00:00:00
adx_scaled_zn30,target_logreturn,ic,0.00697026126666689,2020-11-03 08:00:00,2025-06-11 00:00:00
vwap_zn30,target_logreturn,ic,0.003735249562587683,2020-11-03 08:00:00,2025-06-11 00:00:00
obv_diff1_zn30,target_logreturn,ic,-0.035109728799117286,2020-11-03 08:00:00,2025-06-11 00:00:00
obv_pct_zn30,target_logreturn,ic,-0.013517873506616564,2020-11-03 08:00:00,2025-06-11 00:00:00
obv_slope_14_zn30,target_logreturn,ic,-0.010634577023440568,2020-11-03 08:00:00,2025-06-11 00:00:00
trend_flag_zn30,target_logreturn,ic,0.006153705877662383,2020-11-03 08:00:00,2025-06-11 00:00:00
range_flag_zn30,target_logreturn,ic,0.0015063586524571113,2020-11-03 08:00:00,2025-06-11 00:00:00
high_vol_flag_zn30,target_logreturn,ic,0.001587310607580009,2020-11-03 08:00:00,2025-06-11 00:00:00
stress_flag_zn30,target_logreturn,ic,0.0009060161072631195,2020-11-03 08:00:00,2025-06-11 00:00:00
squeeze_on_zn30,target_logreturn,ic,-0.004458378004889014,2020-11-03 08:00:00,2025-06-11 00:00:00
ppo_zn30,target_logreturn,ic,-0.011802200982872641,2020-11-03 08:00:00,2025-06-11 00:00:00
stoch_rsi_zn30,target_logreturn,ic,-0.0054034210726623426,2020-11-03 08:00:00,2025-06-11 00:00:00
williams_r_zn30,target_logreturn,ic,-0.017820215497667383,2020-11-03 08:00:00,2025-06-11 00:00:00
ichimoku_conv_zn30,target_logreturn,ic,-0.012639019105094133,2020-11-03 08:00:00,2025-06-11 00:00:00
ichimoku_base_zn30,target_logreturn,ic,-0.006706041587012752,2020-11-03 08:00:00,2025-06-11 00:00:00
ichimoku_span_a_zn30,target_logreturn,ic,0.007204797819436428,2020-11-03 08:00:00,2025-06-11 00:00:00
ichimoku_span_b_zn30,target_logreturn,ic,0.005404571331407246,2020-11-03 08:00:00,2025-06-11 00:00:00
cloud_thickness_zn30,target_logreturn,ic,-0.004687040619861251,2020-11-03 08:00:00,2025-06-11 00:00:00
psar_zn30,target_logreturn,ic,-0.0015055859130622263,2020-11-03 08:00:00,2025-06-11 00:00:00
psar_flip_flag_zn30,target_logreturn,ic,0.0012334621065649876,2020-11-03 08:00:00,2025-06-11 00:00:00
supertrend_10_3_zn30,target_logreturn,ic,-0.019802397855225907,2020-11-03 08:00:00,2025-06-11 00:00:00
heikin_ashi_trend_zn30,target_logreturn,ic,-0.02274375803151567,2020-11-03 08:00:00,2025-06-11 00:00:00
ret_skew_30d_zn30,target_logreturn,ic,-0.005001681008597269,2020-11-03 08:00:00,2025-06-11 00:00:00
ret_kurt_30d_zn30,target_logreturn,ic,-0.001998584113503071,2020-11-03 08:00:00,2025-06-11 00:00:00
var_95_30d_zn30,target_logreturn,ic,-0.0178901264314323,2020-11-03 08:00:00,2025-06-11 00:00:00
cvar_95_30d_zn30,target_logreturn,ic,-0.016370038184771507,2020-11-03 08:00:00,2025-06-11 00:00:00
z_score_gap_zn30,target_logreturn,ic,0.0016291240777557509,2020-11-03 08:00:00,2025-06-11 00:00:00
engulfing_up_cnt_20_zn30,target_logreturn,ic,-0.007510537928248958,2020-11-03 08:00:00,2025-06-11 00:00:00
doji_ratio_20_zn30,target_logreturn,ic,-0.0008411182663020352,2020-11-03 08:00:00,2025-06-11 00:00:00
hammer_cnt_20_zn30,target_logreturn,ic,0.016536857505241052,2020-11-03 08:00:00,2025-06-11 00:00:00
mfi_zn30,target_logreturn,ic,-0.010381539509706952,2020-11-03 08:00:00,2025-06-11 00:00:00
cmf_zn30,target_logreturn,ic,-0.008966550801864362,2020-11-03 08:00:00,2025-06-11 00:00:00
price_volume_corr_20_zn30,target_logreturn,ic,-0.011652923861298176,2020-11-03 08:00:00,2025-06-11 00:00:00
price_position_ma200_zn30,target_logreturn,ic,-0.02142327997532359,2020-11-03 08:00:00,2025-06-11 00:00:00
beta_btc_60d_zn30,target_logreturn,ic,-0.0008066556411997561,2020-11-03 08:00:00,2025-06-11 00:00:00
distance_to_pivot_zn30,target_logreturn,ic,-0.011372212474409985,2020-11-03 08:00:00,2025-06-11 00:00:00
volume_profile_hvn_zn30,target_logreturn,ic,0.0015911066741010375,2020-11-03 08:00:00,2025-06-11 00:00:00
volume_profile_lvn_zn30,target_logreturn,ic,0.0004402076590499926,2020-11-03 08:00:00,2025-06-11 00:00:00
dow_sin_zn30,target_logreturn,ic,0.0010489781863398482,2020-11-03 08:00:00,2025-06-11 00:00:00
dow_cos_zn30,target_logreturn,ic,-0.003642166728879795,2020-11-03 08:00:00,2025-06-11 00:00:00
high_mm30,target_logreturn,ic,-0.0226632527812607,2020-11-03 08:00:00,2025-06-11 00:00:00
low_mm30,target_logreturn,ic,-0.02787196790062161,2020-11-03 08:00:00,2025-06-11 00:00:00
ma5_mm30,target_logreturn,ic,-0.021316761129799446,2020-11-03 08:00:00,2025-06-11 00:00:00
boll_upper_mm30,target_logreturn,ic,-0.0031173550307014727,2020-11-03 08:00:00,2025-06-11 00:00:00
boll_lower_mm30,target_logreturn,ic,-0.01607447656985259,2020-11-03 08:00:00,2025-06-11 00:00:00
support_level_20_mm30,target_logreturn,ic,-0.012255497255096436,2020-11-03 08:00:00,2025-06-11 00:00:00
resistance_level_20_mm30,target_logreturn,ic,-0.007300776015445321,2020-11-03 08:00:00,2025-06-11 00:00:00
distance_to_support_mm30,target_logreturn,ic,-0.023393646487694212,2020-11-03 08:00:00,2025-06-11 00:00:00
distance_to_resistance_mm30,target_logreturn,ic,0.03759049739101162,2020-11-03 08:00:00,2025-06-11 00:00:00
volume_mm30,target_logreturn,ic,0.010049109038851764,2020-11-03 08:00:00,2025-06-11 00:00:00
vol_ma_mm30,target_logreturn,ic,0.012287233921615,2020-11-03 08:00:00,2025-06-11 00:00:00
volume_relative_20_mm30,target_logreturn,ic,0.00406800632682785,2020-11-03 08:00:00,2025-06-11 00:00:00
obv_mm30,target_logreturn,ic,-0.030374410673994063,2020-11-03 08:00:00,2025-06-11 00:00:00
amplitude_range_mm30,target_logreturn,ic,0.017512649368860725,2020-11-03 08:00:00,2025-06-11 00:00:00
atr_slope_mm30,target_logreturn,ic,0.00672269293477046,2020-11-03 08:00:00,2025-06-11 00:00:00
cci_mm30,target_logreturn,ic,-0.01992917369518892,2020-11-03 08:00:00,2025-06-11 00:00:00
adx_scaled_mm30,target_logreturn,ic,0.007641434918248048,2020-11-03 08:00:00,2025-06-11 00:00:00
vwap_mm30,target_logreturn,ic,0.006254696835839708,2020-11-03 08:00:00,2025-06-11 00:00:00
obv_diff1_mm30,target_logreturn,ic,-0.03168847482364938,2020-11-03 08:00:00,2025-06-11 00:00:00
obv_pct_mm30,target_logreturn,ic,-0.013648669425010015,2020-11-03 08:00:00,2025-06-11 00:00:00
obv_slope_14_mm30,target_logreturn,ic,-0.012147421405726973,2020-11-03 08:00:00,2025-06-11 00:00:00
trend_flag_mm30,target_logreturn,ic,0.006874509556114316,2020-11-03 08:00:00,2025-06-11 00:00:00
keltner_upper_20_mm30,target_logreturn,ic,-0.010516703026123956,2020-11-03 08:00:00,2025-06-11 00:00:00
keltner_lower_20_mm30,target_logreturn,ic,-0.01581279795566989,2020-11-03 08:00:00,2025-06-11 00:00:00
tsi_mm30,target_logreturn,ic,-0.014070566507897642,2020-11-03 08:00:00,2025-06-11 00:00:00
williams_r_mm30,target_logreturn,ic,-0.020196619321359986,2020-11-03 08:00:00,2025-06-11 00:00:00
ichimoku_conv_mm30,target_logreturn,ic,-0.013143590779320183,2020-11-03 08:00:00,2025-06-11 00:00:00
ichimoku_base_mm30,target_logreturn,ic,-0.008182539644985878,2020-11-03 08:00:00,2025-06-11 00:00:00
ichimoku_span_a_mm30,target_logreturn,ic,0.00674723955793977,2020-11-03 08:00:00,2025-06-11 00:00:00
ichimoku_span_b_mm30,target_logreturn,ic,0.00548521841317544,2020-11-03 08:00:00,2025-06-11 00:00:00
cloud_thickness_mm30,target_logreturn,ic,-0.00499378123349991,2020-11-03 08:00:00,2025-06-11 00:00:00
supertrend_10_3_mm30,target_logreturn,ic,-0.02009222698207715,2020-11-03 08:00:00,2025-06-11 00:00:00
heikin_ashi_trend_mm30,target_logreturn,ic,-0.01889762249544113,2020-11-03 08:00:00,2025-06-11 00:00:00
ret_skew_30d_mm30,target_logreturn,ic,-0.004008041186456794,2020-11-03 08:00:00,2025-06-11 00:00:00
ret_kurt_30d_mm30,target_logreturn,ic,-0.0019605024336632536,2020-11-03 08:00:00,2025-06-11 00:00:00
var_95_30d_mm30,target_logreturn,ic,-0.01668819654821997,2020-11-03 08:00:00,2025-06-11 00:00:00
cvar_95_30d_mm30,target_logreturn,ic,-0.014984121478019601,2020-11-03 08:00:00,2025-06-11 00:00:00
z_score_gap_mm30,target_logreturn,ic,0.0014665644166992778,2020-11-03 08:00:00,2025-06-11 00:00:00
engulfing_up_cnt_20_mm30,target_logreturn,ic,-0.007165964323348618,2020-11-03 08:00:00,2025-06-11 00:00:00
doji_ratio_20_mm30,target_logreturn,ic,-0.0009165075476017018,2020-11-03 08:00:00,2025-06-11 00:00:00
hammer_cnt_20_mm30,target_logreturn,ic,0.016655962135678774,2020-11-03 08:00:00,2025-06-11 00:00:00
cmf_mm30,target_logreturn,ic,-0.010222335280624856,2020-11-03 08:00:00,2025-06-11 00:00:00
price_volume_corr_20_mm30,target_logreturn,ic,-0.012501454443534718,2020-11-03 08:00:00,2025-06-11 00:00:00
price_position_ma200_mm30,target_logreturn,ic,-0.02134045039998888,2020-11-03 08:00:00,2025-06-11 00:00:00
beta_btc_60d_mm30,target_logreturn,ic,-0.0008480695880592333,2020-11-03 08:00:00,2025-06-11 00:00:00
distance_to_pivot_mm30,target_logreturn,ic,-0.010744673299200124,2020-11-03 08:00:00,2025-06-11 00:00:00
volume_profile_hvn_mm30,target_logreturn,ic,0.0059636948740618536,2020-11-03 08:00:00,2025-06-11 00:00:00
volume_profile_lvn_mm30,target_logreturn,ic,0.006558541633119144,2020-11-03 08:00:00,2025-06-11 00:00:00
hour_sin_mm30,target_logreturn,ic,-0.004757977232523555,2020-11-03 08:00:00,2025-06-11 00:00:00
hour_cos_mm30,target_logreturn,ic,0.0046438823215001375,2020-11-03 08:00:00,2025-06-11 00:00:00
dow_sin_mm30,target_logreturn,ic,0.0023157774836985953,2020-11-03 08:00:00,2025-06-11 00:00:00
dow_cos_mm30,target_logreturn,ic,-0.0020228582869402808,2020-11-03 08:00:00,2025-06-11 00:00:00
_orig_idx,target_logreturn,ic,-0.008925812455010677,2020-11-03 08:00:00,2025-06-11 00:00:00
_orig_ts,target_logreturn,ic,-0.004734681150236771,2020-11-03 08:00:00,2025-06-11 00:00:00
rolling_volatility,target_logreturn,ic,0.012125648467406115,2020-11-03 08:00:00,2025-06-11 00:00:00
ewmavolatility,target_logreturn,ic,0.014405526991885595,2020-11-03 08:00:00,2025-06-11 00:00:00
return_skewness,target_logreturn,ic,0.021520139377793294,2020-11-03 08:00:00,2025-06-11 00:00:00
tail_bias_norm,target_logreturn,ic,0.052175400840686344,2020-11-03 08:00:00,2025-06-11 00:00:00
logreturn_pct_rank,target_logreturn,ic,-0.043795176768525984,2020-11-03 08:00:00,2025-06-11 00:00:00
donchian_high_20,target_logsharpe_ratio,ic,0.003396687557392048,2020-11-03 08:00:00,2025-06-11 00:00:00
volume,target_logsharpe_ratio,ic,-0.001109467628552803,2020-11-03 08:00:00,2025-06-11 00:00:00
rsi,target_logsharpe_ratio,ic,-0.02605173592108836,2020-11-03 08:00:00,2025-06-11 00:00:00
macd_hist,target_logsharpe_ratio,ic,-0.017938030403340736,2020-11-03 08:00:00,2025-06-11 00:00:00
kdj_j,target_logsharpe_ratio,ic,-0.04021988152620728,2020-11-03 08:00:00,2025-06-11 00:00:00
momentum,target_logsharpe_ratio,ic,-0.036137068331166616,2020-11-03 08:00:00,2025-06-11 00:00:00
vol_change,target_logsharpe_ratio,ic,0.0032692792161828263,2020-11-03 08:00:00,2025-06-11 00:00:00
obv,target_logsharpe_ratio,ic,-0.0054495148694801735,2020-11-03 08:00:00,2025-06-11 00:00:00
adx,target_logsharpe_ratio,ic,0.008911441009711536,2020-11-03 08:00:00,2025-06-11 00:00:00
plus_di,target_logsharpe_ratio,ic,-0.02254010488197142,2020-11-03 08:00:00,2025-06-11 00:00:00
minus_di,target_logsharpe_ratio,ic,0.024667483216297213,2020-11-03 08:00:00,2025-06-11 00:00:00
trend_flag,target_logsharpe_ratio,ic,0.006831286248740531,2020-11-03 08:00:00,2025-06-11 00:00:00
boll_bandwidth,target_logsharpe_ratio,ic,0.011483509378189054,2020-11-03 08:00:00,2025-06-11 00:00:00
range_flag,target_logsharpe_ratio,ic,-0.005136384378987291,2020-11-03 08:00:00,2025-06-11 00:00:00
high_vol_flag,target_logsharpe_ratio,ic,-0.0014956428019886627,2020-11-03 08:00:00,2025-06-11 00:00:00
squeeze_on,target_logsharpe_ratio,ic,-0.011309243653875771,2020-11-03 08:00:00,2025-06-11 00:00:00
ppo,target_logsharpe_ratio,ic,-0.009044517121708402,2020-11-03 08:00:00,2025-06-11 00:00:00
stoch_rsi_mm30,target_logsharpe_ratio,ic,-0.009519594831563038,2020-11-03 08:00:00,2025-06-11 00:00:00
cloud_thickness,target_logsharpe_ratio,ic,-0.007148895227062912,2020-11-03 08:00:00,2025-06-11 00:00:00
heikin_ashi_trend,target_logsharpe_ratio,ic,-0.02334177435968503,2020-11-03 08:00:00,2025-06-11 00:00:00
ret_skew_30d,target_logsharpe_ratio,ic,-0.0002768633429979567,2020-11-03 08:00:00,2025-06-11 00:00:00
ret_kurt_30d,target_logsharpe_ratio,ic,-0.002130888830120459,2020-11-03 08:00:00,2025-06-11 00:00:00
var_95_30d,target_logsharpe_ratio,ic,-0.01070349772915884,2020-11-03 08:00:00,2025-06-11 00:00:00
cvar_95_30d,target_logsharpe_ratio,ic,-0.008334056829755992,2020-11-03 08:00:00,2025-06-11 00:00:00
z_score_gap,target_logsharpe_ratio,ic,0.0008464650235983451,2020-11-03 08:00:00,2025-06-11 00:00:00
doji_ratio_20,target_logsharpe_ratio,ic,0.0004933115865908377,2020-11-03 08:00:00,2025-06-11 00:00:00
hammer_cnt_20,target_logsharpe_ratio,ic,0.01642146499988944,2020-11-03 08:00:00,2025-06-11 00:00:00
engulfing_up_cnt_20,target_logsharpe_ratio,ic,-0.006977719044407466,2020-11-03 08:00:00,2025-06-11 00:00:00
mfi,target_logsharpe_ratio,ic,-0.014189937633082217,2020-11-03 08:00:00,2025-06-11 00:00:00
cmf,target_logsharpe_ratio,ic,-0.009084828253157247,2020-11-03 08:00:00,2025-06-11 00:00:00
price_volume_corr_20,target_logsharpe_ratio,ic,-0.011799788732884526,2020-11-03 08:00:00,2025-06-11 00:00:00
price_position_ma200,target_logsharpe_ratio,ic,0.0009304734069094977,2020-11-03 08:00:00,2025-06-11 00:00:00
r_sym,target_logsharpe_ratio,ic,-0.04265340132743701,2020-11-03 08:00:00,2025-06-11 00:00:00
r_btc,target_logsharpe_ratio,ic,-0.04819660340153894,2020-11-03 08:00:00,2025-06-11 00:00:00
beta_btc_60d,target_logsharpe_ratio,ic,-0.009179979736421625,2020-11-03 08:00:00,2025-06-11 00:00:00
distance_to_pivot,target_logsharpe_ratio,ic,-0.01173692828782504,2020-11-03 08:00:00,2025-06-11 00:00:00
hour_cos,target_logsharpe_ratio,ic,0.00403086530538361,2020-11-03 08:00:00,2025-06-11 00:00:00
dow_sin,target_logsharpe_ratio,ic,0.002839131017225431,2020-11-03 08:00:00,2025-06-11 00:00:00
dow_cos,target_logsharpe_ratio,ic,-0.0017309281299217817,2020-11-03 08:00:00,2025-06-11 00:00:00
trend_flag_diff1,target_logsharpe_ratio,ic,0.00502575850167122,2020-11-03 08:00:00,2025-06-11 00:00:00
trend_flag_slope_24h,target_logsharpe_ratio,ic,0.0030319413088095567,2020-11-03 08:00:00,2025-06-11 00:00:00
range_flag_diff1,target_logsharpe_ratio,ic,-0.003478004878686515,2020-11-03 08:00:00,2025-06-11 00:00:00
range_flag_slope_24h,target_logsharpe_ratio,ic,-0.001591192569092109,2020-11-03 08:00:00,2025-06-11 00:00:00
ppo_diff1,target_logsharpe_ratio,ic,-0.022880722630948053,2020-11-03 08:00:00,2025-06-11 00:00:00
ppo_slope_24h,target_logsharpe_ratio,ic,-0.015051032099485029,2020-11-03 08:00:00,2025-06-11 00:00:00
stoch_rsi_diff1,target_logsharpe_ratio,ic,-0.009877768190564077,2020-11-03 08:00:00,2025-06-11 00:00:00
stoch_rsi_slope_24h,target_logsharpe_ratio,ic,0.0024538523685404216,2020-11-03 08:00:00,2025-06-11 00:00:00
psar_diff1,target_logsharpe_ratio,ic,-0.007800480867240754,2020-11-03 08:00:00,2025-06-11 00:00:00
psar_slope_24h,target_logsharpe_ratio,ic,-0.0036044825233345693,2020-11-03 08:00:00,2025-06-11 00:00:00
ret_skew_30d_diff1,target_logsharpe_ratio,ic,0.0043522917101338175,2020-11-03 08:00:00,2025-06-11 00:00:00
ret_skew_30d_slope_24h,target_logsharpe_ratio,ic,-0.0065659702344964795,2020-11-03 08:00:00,2025-06-11 00:00:00
ret_kurt_30d_diff1,target_logsharpe_ratio,ic,-0.005711740681004902,2020-11-03 08:00:00,2025-06-11 00:00:00
ret_kurt_30d_slope_24h,target_logsharpe_ratio,ic,0.0007897281507724666,2020-11-03 08:00:00,2025-06-11 00:00:00
mfi_diff1,target_logsharpe_ratio,ic,-0.015507013003492519,2020-11-03 08:00:00,2025-06-11 00:00:00
mfi_slope_24h,target_logsharpe_ratio,ic,-0.008041958515200766,2020-11-03 08:00:00,2025-06-11 00:00:00
price_position_ma200_diff1,target_logsharpe_ratio,ic,-0.020066935024273404,2020-11-03 08:00:00,2025-06-11 00:00:00
price_position_ma200_slope_24h,target_logsharpe_ratio,ic,-0.01931218127684843,2020-11-03 08:00:00,2025-06-11 00:00:00
macd_bullish_cross,target_logsharpe_ratio,ic,-0.003108940721056525,2020-11-03 08:00:00,2025-06-11 00:00:00
rsi_overbought,target_logsharpe_ratio,ic,-0.011540928769305134,2020-11-03 08:00:00,2025-06-11 00:00:00
rsi_oversold,target_logsharpe_ratio,ic,0.023227488045308272,2020-11-03 08:00:00,2025-06-11 00:00:00
price_above_ma20,target_logsharpe_ratio,ic,-0.024972625679459185,2020-11-03 08:00:00,2025-06-11 00:00:00
breakout_recent_high,target_logsharpe_ratio,ic,-0.012809460719129794,2020-11-03 08:00:00,2025-06-11 00:00:00
distance_to_resistance,target_logsharpe_ratio,ic,0.03389642453979769,2020-11-03 08:00:00,2025-06-11 00:00:00
trendline_slope_20,target_logsharpe_ratio,ic,-0.012889667011524837,2020-11-03 08:00:00,2025-06-11 00:00:00
volume_relative_20,target_logsharpe_ratio,ic,0.007691149256403991,2020-11-03 08:00:00,2025-06-11 00:00:00
volume_percentile,target_logsharpe_ratio,ic,0.014432198983113296,2020-11-03 08:00:00,2025-06-11 00:00:00
distance_to_support,target_logsharpe_ratio,ic,-0.019381979450202654,2020-11-03 08:00:00,2025-06-11 00:00:00
volume_spike_near_support,target_logsharpe_ratio,ic,0.01058464681472147,2020-11-03 08:00:00,2025-06-11 00:00:00
volume_spike_near_resist,target_logsharpe_ratio,ic,-0.006224338134415534,2020-11-03 08:00:00,2025-06-11 00:00:00
obv_diff1,target_logsharpe_ratio,ic,-0.03390184479162855,2020-11-03 08:00:00,2025-06-11 00:00:00
obv_pct,target_logsharpe_ratio,ic,-0.007938209804492346,2020-11-03 08:00:00,2025-06-11 00:00:00
obv_slope_14,target_logsharpe_ratio,ic,-0.011224854850679937,2020-11-03 08:00:00,2025-06-11 00:00:00
atr_ratio_price,target_logsharpe_ratio,ic,0.010920768874751012,2020-11-03 08:00:00,2025-06-11 00:00:00
atr_ratio_range,target_logsharpe_ratio,ic,-0.015155456964150918,2020-11-03 08:00:00,2025-06-11 00:00:00
atr_change,target_logsharpe_ratio,ic,0.012547147427430442,2020-11-03 08:00:00,2025-06-11 00:00:00
atr_slope,target_logsharpe_ratio,ic,0.008417894709049778,2020-11-03 08:00:00,2025-06-11 00:00:00
ma20_zn30,target_logsharpe_ratio,ic,-0.012103512583865848,2020-11-03 08:00:00,2025-06-11 00:00:00
boll_upper_zn30,target_logsharpe_ratio,ic,-0.003846249368992096,2020-11-03 08:00:00,2025-06-11 00:00:00
boll_lower_zn30,target_logsharpe_ratio,ic,-0.017738209632630623,2020-11-03 08:00:00,2025-06-11 00:00:00
support_level_20_zn30,target_logsharpe_ratio,ic,-0.015953062764351062,2020-11-03 08:00:00,2025-06-11 00:00:00
donchian_high_20_zn30,target_logsharpe_ratio,ic,-0.009328381568318713,2020-11-03 08:00:00,2025-06-11 00:00:00
distance_to_support_zn30,target_logsharpe_ratio,ic,-0.020997174679626293,2020-11-03 08:00:00,2025-06-11 00:00:00
distance_to_resistance_zn30,target_logsharpe_ratio,ic,0.03492953586931877,2020-11-03 08:00:00,2025-06-11 00:00:00
vol_ma_zn30,target_logsharpe_ratio,ic,0.012723882163294214,2020-11-03 08:00:00,2025-06-11 00:00:00
volume_relative_20_zn30,target_logsharpe_ratio,ic,0.003758418629146056,2020-11-03 08:00:00,2025-06-11 00:00:00
obv_zn30,target_logsharpe_ratio,ic,-0.02851977147809603,2020-11-03 08:00:00,2025-06-11 00:00:00
atr_zn30,target_logsharpe_ratio,ic,0.013659186401690959,2020-11-03 08:00:00,2025-06-11 00:00:00
amplitude_range_zn30,target_logsharpe_ratio,ic,0.017942077910237674,2020-11-03 08:00:00,2025-06-11 00:00:00
atr_slope_zn30,target_logsharpe_ratio,ic,0.009589484421449435,2020-11-03 08:00:00,2025-06-11 00:00:00
trendline_slope_20_zn30,target_logsharpe_ratio,ic,-0.009945628762472108,2020-11-03 08:00:00,2025-06-11 00:00:00
ma_diff_5_20_zn30,target_logsharpe_ratio,ic,-0.014555914512254065,2020-11-03 08:00:00,2025-06-11 00:00:00
cci_zn30,target_logsharpe_ratio,ic,-0.022907005283543124,2020-11-03 08:00:00,2025-06-11 00:00:00
adx_scaled_zn30,target_logsharpe_ratio,ic,0.0076571732073815995,2020-11-03 08:00:00,2025-06-11 00:00:00
vwap_zn30,target_logsharpe_ratio,ic,0.0023222452190804366,2020-11-03 08:00:00,2025-06-11 00:00:00
obv_diff1_zn30,target_logsharpe_ratio,ic,-0.03456779515091404,2020-11-03 08:00:00,2025-06-11 00:00:00
obv_pct_zn30,target_logsharpe_ratio,ic,-0.00648268610373585,2020-11-03 08:00:00,2025-06-11 00:00:00
obv_slope_14_zn30,target_logsharpe_ratio,ic,-0.010624699652918507,2020-11-03 08:00:00,2025-06-11 00:00:00
trend_flag_zn30,target_logsharpe_ratio,ic,0.005790169141265551,2020-11-03 08:00:00,2025-06-11 00:00:00
range_flag_zn30,target_logsharpe_ratio,ic,-0.0006213680680340665,2020-11-03 08:00:00,2025-06-11 00:00:00
high_vol_flag_zn30,target_logsharpe_ratio,ic,0.0011572266497856705,2020-11-03 08:00:00,2025-06-11 00:00:00
stress_flag_zn30,target_logsharpe_ratio,ic,0.001413089574152585,2020-11-03 08:00:00,2025-06-11 00:00:00
squeeze_on_zn30,target_logsharpe_ratio,ic,-0.005782222991544401,2020-11-03 08:00:00,2025-06-11 00:00:00
ppo_zn30,target_logsharpe_ratio,ic,-0.01329299619745721,2020-11-03 08:00:00,2025-06-11 00:00:00
stoch_rsi_zn30,target_logsharpe_ratio,ic,-0.005490336000266106,2020-11-03 08:00:00,2025-06-11 00:00:00
williams_r_zn30,target_logsharpe_ratio,ic,-0.017902969092835327,2020-11-03 08:00:00,2025-06-11 00:00:00
ichimoku_conv_zn30,target_logsharpe_ratio,ic,-0.014547692556843695,2020-11-03 08:00:00,2025-06-11 00:00:00
ichimoku_base_zn30,target_logsharpe_ratio,ic,-0.00803446850067752,2020-11-03 08:00:00,2025-06-11 00:00:00
ichimoku_span_a_zn30,target_logsharpe_ratio,ic,0.008699166186656341,2020-11-03 08:00:00,2025-06-11 00:00:00
ichimoku_span_b_zn30,target_logsharpe_ratio,ic,0.005691572178740205,2020-11-03 08:00:00,2025-06-11 00:00:00
cloud_thickness_zn30,target_logsharpe_ratio,ic,-0.0060372484360648624,2020-11-03 08:00:00,2025-06-11 00:00:00
psar_zn30,target_logsharpe_ratio,ic,-0.002107669363588353,2020-11-03 08:00:00,2025-06-11 00:00:00
psar_flip_flag_zn30,target_logsharpe_ratio,ic,0.001976892013265224,2020-11-03 08:00:00,2025-06-11 00:00:00
supertrend_10_3_zn30,target_logsharpe_ratio,ic,-0.020661275169247074,2020-11-03 08:00:00,2025-06-11 00:00:00
heikin_ashi_trend_zn30,target_logsharpe_ratio,ic,-0.02333099811154318,2020-11-03 08:00:00,2025-06-11 00:00:00
ret_skew_30d_zn30,target_logsharpe_ratio,ic,-0.005522415506430575,2020-11-03 08:00:00,2025-06-11 00:00:00
ret_kurt_30d_zn30,target_logsharpe_ratio,ic,-0.0007068507578774124,2020-11-03 08:00:00,2025-06-11 00:00:00
var_95_30d_zn30,target_logsharpe_ratio,ic,-0.018693619985625746,2020-11-03 08:00:00,2025-06-11 00:00:00
cvar_95_30d_zn30,target_logsharpe_ratio,ic,-0.01701779756549173,2020-11-03 08:00:00,2025-06-11 00:00:00
z_score_gap_zn30,target_logsharpe_ratio,ic,0.0006428141071199944,2020-11-03 08:00:00,2025-06-11 00:00:00
engulfing_up_cnt_20_zn30,target_logsharpe_ratio,ic,-0.008103703406246013,2020-11-03 08:00:00,2025-06-11 00:00:00
doji_ratio_20_zn30,target_logsharpe_ratio,ic,-0.00039496565985623963,2020-11-03 08:00:00,2025-06-11 00:00:00
hammer_cnt_20_zn30,target_logsharpe_ratio,ic,0.016111740518141855,2020-11-03 08:00:00,2025-06-11 00:00:00
mfi_zn30,target_logsharpe_ratio,ic,-0.011858397548607588,2020-11-03 08:00:00,2025-06-11 00:00:00
cmf_zn30,target_logsharpe_ratio,ic,-0.008748312062126989,2020-11-03 08:00:00,2025-06-11 00:00:00
price_volume_corr_20_zn30,target_logsharpe_ratio,ic,-0.013216073224694157,2020-11-03 08:00:00,2025-06-11 00:00:00
price_position_ma200_zn30,target_logsharpe_ratio,ic,-0.02241398151841,2020-11-03 08:00:00,2025-06-11 00:00:00
beta_btc_60d_zn30,target_logsharpe_ratio,ic,-0.0025144834712279495,2020-11-03 08:00:00,2025-06-11 00:00:00
distance_to_pivot_zn30,target_logsharpe_ratio,ic,-0.011257055707789978,2020-11-03 08:00:00,2025-06-11 00:00:00
volume_profile_hvn_zn30,target_logsharpe_ratio,ic,0.001937920948382463,2020-11-03 08:00:00,2025-06-11 00:00:00
volume_profile_lvn_zn30,target_logsharpe_ratio,ic,0.0006184085374131306,2020-11-03 08:00:00,2025-06-11 00:00:00
dow_sin_zn30,target_logsharpe_ratio,ic,0.0003742975110890495,2020-11-03 08:00:00,2025-06-11 00:00:00
dow_cos_zn30,target_logsharpe_ratio,ic,-0.001294283809369634,2020-11-03 08:00:00,2025-06-11 00:00:00
high_mm30,target_logsharpe_ratio,ic,-0.024109514124952155,2020-11-03 08:00:00,2025-06-11 00:00:00
low_mm30,target_logsharpe_ratio,ic,-0.029042510714017828,2020-11-03 08:00:00,2025-06-11 00:00:00
ma5_mm30,target_logsharpe_ratio,ic,-0.022664268883758824,2020-11-03 08:00:00,2025-06-11 00:00:00
boll_upper_mm30,target_logsharpe_ratio,ic,-0.0028683105131930378,2020-11-03 08:00:00,2025-06-11 00:00:00
boll_lower_mm30,target_logsharpe_ratio,ic,-0.017036913260462618,2020-11-03 08:00:00,2025-06-11 00:00:00
support_level_20_mm30,target_logsharpe_ratio,ic,-0.013444325882690478,2020-11-03 08:00:00,2025-06-11 00:00:00
resistance_level_20_mm30,target_logsharpe_ratio,ic,-0.007800854207705913,2020-11-03 08:00:00,2025-06-11 00:00:00
distance_to_support_mm30,target_logsharpe_ratio,ic,-0.02417044226103063,2020-11-03 08:00:00,2025-06-11 00:00:00
distance_to_resistance_mm30,target_logsharpe_ratio,ic,0.037564556375524256,2020-11-03 08:00:00,2025-06-11 00:00:00
volume_mm30,target_logsharpe_ratio,ic,0.009776431691148746,2020-11-03 08:00:00,2025-06-11 00:00:00
vol_ma_mm30,target_logsharpe_ratio,ic,0.012513622902990615,2020-11-03 08:00:00,2025-06-11 00:00:00
volume_relative_20_mm30,target_logsharpe_ratio,ic,0.004049271792606942,2020-11-03 08:00:00,2025-06-11 00:00:00
obv_mm30,target_logsharpe_ratio,ic,-0.03115718808456353,2020-11-03 08:00:00,2025-06-11 00:00:00
amplitude_range_mm30,target_logsharpe_ratio,ic,0.01720561657572549,2020-11-03 08:00:00,2025-06-11 00:00:00
atr_slope_mm30,target_logsharpe_ratio,ic,0.006705188400128476,2020-11-03 08:00:00,2025-06-11 00:00:00
cci_mm30,target_logsharpe_ratio,ic,-0.02064710816637745,2020-11-03 08:00:00,2025-06-11 00:00:00
adx_scaled_mm30,target_logsharpe_ratio,ic,0.00828797199734127,2020-11-03 08:00:00,2025-06-11 00:00:00
vwap_mm30,target_logsharpe_ratio,ic,0.004350962900923565,2020-11-03 08:00:00,2025-06-11 00:00:00
obv_diff1_mm30,target_logsharpe_ratio,ic,-0.03037835482362233,2020-11-03 08:00:00,2025-06-11 00:00:00
obv_pct_mm30,target_logsharpe_ratio,ic,-0.007332010650450479,2020-11-03 08:00:00,2025-06-11 00:00:00
obv_slope_14_mm30,target_logsharpe_ratio,ic,-0.012264002241159184,2020-11-03 08:00:00,2025-06-11 00:00:00
trend_flag_mm30,target_logsharpe_ratio,ic,0.006164201028317147,2020-11-03 08:00:00,2025-06-11 00:00:00
keltner_upper_20_mm30,target_logsharpe_ratio,ic,-0.011696028928469828,2020-11-03 08:00:00,2025-06-11 00:00:00
keltner_lower_20_mm30,target_logsharpe_ratio,ic,-0.01657843914213655,2020-11-03 08:00:00,2025-06-11 00:00:00
tsi_mm30,target_logsharpe_ratio,ic,-0.015741150128036337,2020-11-03 08:00:00,2025-06-11 00:00:00
williams_r_mm30,target_logsharpe_ratio,ic,-0.020345906294920422,2020-11-03 08:00:00,2025-06-11 00:00:00
ichimoku_conv_mm30,target_logsharpe_ratio,ic,-0.014791420709935402,2020-11-03 08:00:00,2025-06-11 00:00:00
ichimoku_base_mm30,target_logsharpe_ratio,ic,-0.009058288418439302,2020-11-03 08:00:00,2025-06-11 00:00:00
ichimoku_span_a_mm30,target_logsharpe_ratio,ic,0.00804039992992125,2020-11-03 08:00:00,2025-06-11 00:00:00
ichimoku_span_b_mm30,target_logsharpe_ratio,ic,0.006319502316912048,2020-11-03 08:00:00,2025-06-11 00:00:00
cloud_thickness_mm30,target_logsharpe_ratio,ic,-0.006223999352119416,2020-11-03 08:00:00,2025-06-11 00:00:00
supertrend_10_3_mm30,target_logsharpe_ratio,ic,-0.02086011504403046,2020-11-03 08:00:00,2025-06-11 00:00:00
heikin_ashi_trend_mm30,target_logsharpe_ratio,ic,-0.01968088935332818,2020-11-03 08:00:00,2025-06-11 00:00:00
ret_skew_30d_mm30,target_logsharpe_ratio,ic,-0.0048103485851250715,2020-11-03 08:00:00,2025-06-11 00:00:00
ret_kurt_30d_mm30,target_logsharpe_ratio,ic,-0.0006981689512642244,2020-11-03 08:00:00,2025-06-11 00:00:00
var_95_30d_mm30,target_logsharpe_ratio,ic,-0.017651905209024706,2020-11-03 08:00:00,2025-06-11 00:00:00
cvar_95_30d_mm30,target_logsharpe_ratio,ic,-0.01577327410347638,2020-11-03 08:00:00,2025-06-11 00:00:00
z_score_gap_mm30,target_logsharpe_ratio,ic,0.0008844611112428784,2020-11-03 08:00:00,2025-06-11 00:00:00
engulfing_up_cnt_20_mm30,target_logsharpe_ratio,ic,-0.007866186018370698,2020-11-03 08:00:00,2025-06-11 00:00:00
doji_ratio_20_mm30,target_logsharpe_ratio,ic,-0.000660191155553428,2020-11-03 08:00:00,2025-06-11 00:00:00
hammer_cnt_20_mm30,target_logsharpe_ratio,ic,0.01615823192953189,2020-11-03 08:00:00,2025-06-11 00:00:00
cmf_mm30,target_logsharpe_ratio,ic,-0.009976155792933986,2020-11-03 08:00:00,2025-06-11 00:00:00
price_volume_corr_20_mm30,target_logsharpe_ratio,ic,-0.014157523634357815,2020-11-03 08:00:00,2025-06-11 00:00:00
price_position_ma200_mm30,target_logsharpe_ratio,ic,-0.022465721311499192,2020-11-03 08:00:00,2025-06-11 00:00:00
beta_btc_60d_mm30,target_logsharpe_ratio,ic,-0.0035285437823426905,2020-11-03 08:00:00,2025-06-11 00:00:00
distance_to_pivot_mm30,target_logsharpe_ratio,ic,-0.00997176623253375,2020-11-03 08:00:00,2025-06-11 00:00:00
volume_profile_hvn_mm30,target_logsharpe_ratio,ic,0.00404805730632169,2020-11-03 08:00:00,2025-06-11 00:00:00
volume_profile_lvn_mm30,target_logsharpe_ratio,ic,0.004894831613745701,2020-11-03 08:00:00,2025-06-11 00:00:00
hour_sin_mm30,target_logsharpe_ratio,ic,-0.004442923123375946,2020-11-03 08:00:00,2025-06-11 00:00:00
hour_cos_mm30,target_logsharpe_ratio,ic,0.00384066898148043,2020-11-03 08:00:00,2025-06-11 00:00:00
dow_sin_mm30,target_logsharpe_ratio,ic,0.0008593052320419613,2020-11-03 08:00:00,2025-06-11 00:00:00
dow_cos_mm30,target_logsharpe_ratio,ic,-0.0013467972590858821,2020-11-03 08:00:00,2025-06-11 00:00:00
_orig_idx,target_logsharpe_ratio,ic,-0.004101898628547215,2020-11-03 08:00:00,2025-06-11 00:00:00
_orig_ts,target_logsharpe_ratio,ic,-0.001777751479315014,2020-11-03 08:00:00,2025-06-11 00:00:00
rolling_volatility,target_logsharpe_ratio,ic,0.004497998410357477,2020-11-03 08:00:00,2025-06-11 00:00:00
ewmavolatility,target_logsharpe_ratio,ic,0.007401021008450543,2020-11-03 08:00:00,2025-06-11 00:00:00
return_skewness,target_logsharpe_ratio,ic,0.024028966211282587,2020-11-03 08:00:00,2025-06-11 00:00:00
tail_bias_norm,target_logsharpe_ratio,ic,0.05202903237173065,2020-11-03 08:00:00,2025-06-11 00:00:00
logreturn_pct_rank,target_logsharpe_ratio,ic,-0.0433538138750378,2020-11-03 08:00:00,2025-06-11 00:00:00
donchian_high_20,target_binarytrend,mi,0.0,2020-11-03 08:00:00,2025-06-11 00:00:00
volume,target_binarytrend,mi,0.0,2020-11-03 08:00:00,2025-06-11 00:00:00
rsi,target_binarytrend,mi,0.0,2020-11-03 08:00:00,2025-06-11 00:00:00
macd_hist,target_binarytrend,mi,2.79687960433872e-05,2020-11-03 08:00:00,2025-06-11 00:00:00
kdj_j,target_binarytrend,mi,0.0019561727166774734,2020-11-03 08:00:00,2025-06-11 00:00:00
momentum,target_binarytrend,mi,0.0005820721528231321,2020-11-03 08:00:00,2025-06-11 00:00:00
vol_change,target_binarytrend,mi,0.001342626869734298,2020-11-03 08:00:00,2025-06-11 00:00:00
obv,target_binarytrend,mi,0.002368595458280165,2020-11-03 08:00:00,2025-06-11 00:00:00
adx,target_binarytrend,mi,0.0,2020-11-03 08:00:00,2025-06-11 00:00:00
plus_di,target_binarytrend,mi,0.0017229839954264747,2020-11-03 08:00:00,2025-06-11 00:00:00
minus_di,target_binarytrend,mi,0.0021060939166688275,2020-11-03 08:00:00,2025-06-11 00:00:00
trend_flag,target_binarytrend,mi,0.011786890109754644,2020-11-03 08:00:00,2025-06-11 00:00:00
boll_bandwidth,target_binarytrend,mi,0.000679042652800943,2020-11-03 08:00:00,2025-06-11 00:00:00
range_flag,target_binarytrend,mi,0.0,2020-11-03 08:00:00,2025-06-11 00:00:00
high_vol_flag,target_binarytrend,mi,5.928903653895645e-05,2020-11-03 08:00:00,2025-06-11 00:00:00
squeeze_on,target_binarytrend,mi,0.002840218007962969,2020-11-03 08:00:00,2025-06-11 00:00:00
ppo,target_binarytrend,mi,0.0006036661106769703,2020-11-03 08:00:00,2025-06-11 00:00:00
stoch_rsi_mm30,target_binarytrend,mi,0.0012910300065587244,2020-11-03 08:00:00,2025-06-11 00:00:00
cloud_thickness,target_binarytrend,mi,0.0,2020-11-03 08:00:00,2025-06-11 00:00:00
heikin_ashi_trend,target_binarytrend,mi,0.001767594488852442,2020-11-03 08:00:00,2025-06-11 00:00:00
ret_skew_30d,target_binarytrend,mi,0.0,2020-11-03 08:00:00,2025-06-11 00:00:00
ret_kurt_30d,target_binarytrend,mi,0.0004833862419300061,2020-11-03 08:00:00,2025-06-11 00:00:00
var_95_30d,target_binarytrend,mi,0.0,2020-11-03 08:00:00,2025-06-11 00:00:00
cvar_95_30d,target_binarytrend,mi,0.0,2020-11-03 08:00:00,2025-06-11 00:00:00
z_score_gap,target_binarytrend,mi,0.0,2020-11-03 08:00:00,2025-06-11 00:00:00
doji_ratio_20,target_binarytrend,mi,0.006304266065282338,2020-11-03 08:00:00,2025-06-11 00:00:00
hammer_cnt_20,target_binarytrend,mi,0.004524121650386181,2020-11-03 08:00:00,2025-06-11 00:00:00
engulfing_up_cnt_20,target_binarytrend,mi,0.004166598310177072,2020-11-03 08:00:00,2025-06-11 00:00:00
mfi,target_binarytrend,mi,0.002317760613976594,2020-11-03 08:00:00,2025-06-11 00:00:00
cmf,target_binarytrend,mi,0.0,2020-11-03 08:00:00,2025-06-11 00:00:00
price_volume_corr_20,target_binarytrend,mi,0.0001382548707586917,2020-11-03 08:00:00,2025-06-11 00:00:00
price_position_ma200,target_binarytrend,mi,0.0,2020-11-03 08:00:00,2025-06-11 00:00:00
r_sym,target_binarytrend,mi,0.002026817484145793,2020-11-03 08:00:00,2025-06-11 00:00:00
r_btc,target_binarytrend,mi,0.35981100742596395,2020-11-03 08:00:00,2025-06-11 00:00:00
beta_btc_60d,target_binarytrend,mi,0.0,2020-11-03 08:00:00,2025-06-11 00:00:00
distance_to_pivot,target_binarytrend,mi,0.0015494725486420169,2020-11-03 08:00:00,2025-06-11 00:00:00
hour_cos,target_binarytrend,mi,0.002576487753378487,2020-11-03 08:00:00,2025-06-11 00:00:00
dow_sin,target_binarytrend,mi,0.0032690543286748586,2020-11-03 08:00:00,2025-06-11 00:00:00
dow_cos,target_binarytrend,mi,0.006409491255035427,2020-11-03 08:00:00,2025-06-11 00:00:00
trend_flag_diff1,target_binarytrend,mi,0.0008186274697736806,2020-11-03 08:00:00,2025-06-11 00:00:00
trend_flag_slope_24h,target_binarytrend,mi,0.0,2020-11-03 08:00:00,2025-06-11 00:00:00
range_flag_diff1,target_binarytrend,mi,0.0003432399104621453,2020-11-03 08:00:00,2025-06-11 00:00:00
range_flag_slope_24h,target_binarytrend,mi,0.0011144998229983827,2020-11-03 08:00:00,2025-06-11 00:00:00
ppo_diff1,target_binarytrend,mi,0.0,2020-11-03 08:00:00,2025-06-11 00:00:00
ppo_slope_24h,target_binarytrend,mi,0.0,2020-11-03 08:00:00,2025-06-11 00:00:00
stoch_rsi_diff1,target_binarytrend,mi,0.0010348424112036625,2020-11-03 08:00:00,2025-06-11 00:00:00
stoch_rsi_slope_24h,target_binarytrend,mi,0.0,2020-11-03 08:00:00,2025-06-11 00:00:00
psar_diff1,target_binarytrend,mi,0.0004921461224725032,2020-11-03 08:00:00,2025-06-11 00:00:00
psar_slope_24h,target_binarytrend,mi,0.0005343627078726598,2020-11-03 08:00:00,2025-06-11 00:00:00
ret_skew_30d_diff1,target_binarytrend,mi,0.0,2020-11-03 08:00:00,2025-06-11 00:00:00
ret_skew_30d_slope_24h,target_binarytrend,mi,0.0006480332276788126,2020-11-03 08:00:00,2025-06-11 00:00:00
ret_kurt_30d_diff1,target_binarytrend,mi,0.0004419998524818336,2020-11-03 08:00:00,2025-06-11 00:00:00
ret_kurt_30d_slope_24h,target_binarytrend,mi,0.0,2020-11-03 08:00:00,2025-06-11 00:00:00
mfi_diff1,target_binarytrend,mi,0.000814890183288508,2020-11-03 08:00:00,2025-06-11 00:00:00
mfi_slope_24h,target_binarytrend,mi,0.0,2020-11-03 08:00:00,2025-06-11 00:00:00
price_position_ma200_diff1,target_binarytrend,mi,0.0005307414075408357,2020-11-03 08:00:00,2025-06-11 00:00:00
price_position_ma200_slope_24h,target_binarytrend,mi,0.000770554857399075,2020-11-03 08:00:00,2025-06-11 00:00:00
macd_bullish_cross,target_binarytrend,mi,0.0,2020-11-03 08:00:00,2025-06-11 00:00:00
rsi_overbought,target_binarytrend,mi,0.002782202815554413,2020-11-03 08:00:00,2025-06-11 00:00:00
rsi_oversold,target_binarytrend,mi,0.0014366482155012683,2020-11-03 08:00:00,2025-06-11 00:00:00
price_above_ma20,target_binarytrend,mi,0.021730609205281803,2020-11-03 08:00:00,2025-06-11 00:00:00
breakout_recent_high,target_binarytrend,mi,0.00022433396280741036,2020-11-03 08:00:00,2025-06-11 00:00:00
distance_to_resistance,target_binarytrend,mi,0.008872062558056726,2020-11-03 08:00:00,2025-06-11 00:00:00
trendline_slope_20,target_binarytrend,mi,0.0014968988265307015,2020-11-03 08:00:00,2025-06-11 00:00:00
volume_relative_20,target_binarytrend,mi,0.0,2020-11-03 08:00:00,2025-06-11 00:00:00
volume_percentile,target_binarytrend,mi,0.0,2020-11-03 08:00:00,2025-06-11 00:00:00
distance_to_support,target_binarytrend,mi,0.0067957058011178795,2020-11-03 08:00:00,2025-06-11 00:00:00
volume_spike_near_support,target_binarytrend,mi,0.0,2020-11-03 08:00:00,2025-06-11 00:00:00
volume_spike_near_resist,target_binarytrend,mi,0.0,2020-11-03 08:00:00,2025-06-11 00:00:00
obv_diff1,target_binarytrend,mi,0.0020180470880826196,2020-11-03 08:00:00,2025-06-11 00:00:00
obv_pct,target_binarytrend,mi,0.0007942149450945735,2020-11-03 08:00:00,2025-06-11 00:00:00
obv_slope_14,target_binarytrend,mi,0.0006355045707426843,2020-11-03 08:00:00,2025-06-11 00:00:00
atr_ratio_price,target_binarytrend,mi,0.001611522508222718,2020-11-03 08:00:00,2025-06-11 00:00:00
atr_ratio_range,target_binarytrend,mi,0.0003895566468241629,2020-11-03 08:00:00,2025-06-11 00:00:00
atr_change,target_binarytrend,mi,0.0,2020-11-03 08:00:00,2025-06-11 00:00:00
atr_slope,target_binarytrend,mi,0.0009015732591985959,2020-11-03 08:00:00,2025-06-11 00:00:00
ma20_zn30,target_binarytrend,mi,2.643150622838597e-05,2020-11-03 08:00:00,2025-06-11 00:00:00
boll_upper_zn30,target_binarytrend,mi,0.0,2020-11-03 08:00:00,2025-06-11 00:00:00
boll_lower_zn30,target_binarytrend,mi,0.0007880205205790247,2020-11-03 08:00:00,2025-06-11 00:00:00
support_level_20_zn30,target_binarytrend,mi,0.0004691070687832255,2020-11-03 08:00:00,2025-06-11 00:00:00
donchian_high_20_zn30,target_binarytrend,mi,0.0003552774291584182,2020-11-03 08:00:00,2025-06-11 00:00:00
distance_to_support_zn30,target_binarytrend,mi,0.000785400417670834,2020-11-03 08:00:00,2025-06-11 00:00:00
distance_to_resistance_zn30,target_binarytrend,mi,0.0019731593573084627,2020-11-03 08:00:00,2025-06-11 00:00:00
vol_ma_zn30,target_binarytrend,mi,0.0,2020-11-03 08:00:00,2025-06-11 00:00:00
volume_relative_20_zn30,target_binarytrend,mi,0.000623284646741773,2020-11-03 08:00:00,2025-06-11 00:00:00
obv_zn30,target_binarytrend,mi,0.0,2020-11-03 08:00:00,2025-06-11 00:00:00
atr_zn30,target_binarytrend,mi,0.0,2020-11-03 08:00:00,2025-06-11 00:00:00
amplitude_range_zn30,target_binarytrend,mi,1.6654921187297944e-05,2020-11-03 08:00:00,2025-06-11 00:00:00
atr_slope_zn30,target_binarytrend,mi,0.0006005447482473336,2020-11-03 08:00:00,2025-06-11 00:00:00
trendline_slope_20_zn30,target_binarytrend,mi,0.000577559328224897,2020-11-03 08:00:00,2025-06-11 00:00:00
ma_diff_5_20_zn30,target_binarytrend,mi,4.027354820168583e-05,2020-11-03 08:00:00,2025-06-11 00:00:00
cci_zn30,target_binarytrend,mi,0.0013910790551234786,2020-11-03 08:00:00,2025-06-11 00:00:00
adx_scaled_zn30,target_binarytrend,mi,0.0,2020-11-03 08:00:00,2025-06-11 00:00:00
vwap_zn30,target_binarytrend,mi,0.0005205129847771772,2020-11-03 08:00:00,2025-06-11 00:00:00
obv_diff1_zn30,target_binarytrend,mi,0.0012637211578576668,2020-11-03 08:00:00,2025-06-11 00:00:00
obv_pct_zn30,target_binarytrend,mi,0.0,2020-11-03 08:00:00,2025-06-11 00:00:00
obv_slope_14_zn30,target_binarytrend,mi,0.0013680161709002103,2020-11-03 08:00:00,2025-06-11 00:00:00
trend_flag_zn30,target_binarytrend,mi,0.0,2020-11-03 08:00:00,2025-06-11 00:00:00
range_flag_zn30,target_binarytrend,mi,4.370200270353841e-05,2020-11-03 08:00:00,2025-06-11 00:00:00
high_vol_flag_zn30,target_binarytrend,mi,0.0,2020-11-03 08:00:00,2025-06-11 00:00:00
stress_flag_zn30,target_binarytrend,mi,0.0,2020-11-03 08:00:00,2025-06-11 00:00:00
squeeze_on_zn30,target_binarytrend,mi,0.0,2020-11-03 08:00:00,2025-06-11 00:00:00
ppo_zn30,target_binarytrend,mi,0.0,2020-11-03 08:00:00,2025-06-11 00:00:00
stoch_rsi_zn30,target_binarytrend,mi,0.0,2020-11-03 08:00:00,2025-06-11 00:00:00
williams_r_zn30,target_binarytrend,mi,0.0007969654902950651,2020-11-03 08:00:00,2025-06-11 00:00:00
ichimoku_conv_zn30,target_binarytrend,mi,0.0,2020-11-03 08:00:00,2025-06-11 00:00:00
ichimoku_base_zn30,target_binarytrend,mi,0.0,2020-11-03 08:00:00,2025-06-11 00:00:00
ichimoku_span_a_zn30,target_binarytrend,mi,0.0,2020-11-03 08:00:00,2025-06-11 00:00:00
ichimoku_span_b_zn30,target_binarytrend,mi,0.0015834416484488134,2020-11-03 08:00:00,2025-06-11 00:00:00
cloud_thickness_zn30,target_binarytrend,mi,0.0,2020-11-03 08:00:00,2025-06-11 00:00:00
psar_zn30,target_binarytrend,mi,0.0,2020-11-03 08:00:00,2025-06-11 00:00:00
psar_flip_flag_zn30,target_binarytrend,mi,0.0005924500311471625,2020-11-03 08:00:00,2025-06-11 00:00:00
supertrend_10_3_zn30,target_binarytrend,mi,0.0003958909830807933,2020-11-03 08:00:00,2025-06-11 00:00:00
heikin_ashi_trend_zn30,target_binarytrend,mi,0.000252472849219032,2020-11-03 08:00:00,2025-06-11 00:00:00
ret_skew_30d_zn30,target_binarytrend,mi,0.0016689844056871905,2020-11-03 08:00:00,2025-06-11 00:00:00
ret_kurt_30d_zn30,target_binarytrend,mi,0.0,2020-11-03 08:00:00,2025-06-11 00:00:00
var_95_30d_zn30,target_binarytrend,mi,0.0009176685810126095,2020-11-03 08:00:00,2025-06-11 00:00:00
cvar_95_30d_zn30,target_binarytrend,mi,0.0,2020-11-03 08:00:00,2025-06-11 00:00:00
z_score_gap_zn30,target_binarytrend,mi,0.0,2020-11-03 08:00:00,2025-06-11 00:00:00
engulfing_up_cnt_20_zn30,target_binarytrend,mi,0.0,2020-11-03 08:00:00,2025-06-11 00:00:00
doji_ratio_20_zn30,target_binarytrend,mi,0.0,2020-11-03 08:00:00,2025-06-11 00:00:00
hammer_cnt_20_zn30,target_binarytrend,mi,0.0,2020-11-03 08:00:00,2025-06-11 00:00:00
mfi_zn30,target_binarytrend,mi,0.0008295129652244881,2020-11-03 08:00:00,2025-06-11 00:00:00
cmf_zn30,target_binarytrend,mi,0.0,2020-11-03 08:00:00,2025-06-11 00:00:00
price_volume_corr_20_zn30,target_binarytrend,mi,0.0,2020-11-03 08:00:00,2025-06-11 00:00:00
price_position_ma200_zn30,target_binarytrend,mi,0.0,2020-11-03 08:00:00,2025-06-11 00:00:00
beta_btc_60d_zn30,target_binarytrend,mi,0.0021730565120958723,2020-11-03 08:00:00,2025-06-11 00:00:00
distance_to_pivot_zn30,target_binarytrend,mi,0.0,2020-11-03 08:00:00,2025-06-11 00:00:00
volume_profile_hvn_zn30,target_binarytrend,mi,0.0,2020-11-03 08:00:00,2025-06-11 00:00:00
volume_profile_lvn_zn30,target_binarytrend,mi,0.0007002754413016898,2020-11-03 08:00:00,2025-06-11 00:00:00
dow_sin_zn30,target_binarytrend,mi,0.0,2020-11-03 08:00:00,2025-06-11 00:00:00
dow_cos_zn30,target_binarytrend,mi,0.0008921297591224508,2020-11-03 08:00:00,2025-06-11 00:00:00
high_mm30,target_binarytrend,mi,0.0013642446988262336,2020-11-03 08:00:00,2025-06-11 00:00:00
low_mm30,target_binarytrend,mi,0.0028617857423145487,2020-11-03 08:00:00,2025-06-11 00:00:00
ma5_mm30,target_binarytrend,mi,0.0010425857489415602,2020-11-03 08:00:00,2025-06-11 00:00:00
boll_upper_mm30,target_binarytrend,mi,0.00147595618429186,2020-11-03 08:00:00,2025-06-11 00:00:00
boll_lower_mm30,target_binarytrend,mi,0.0007381333217344466,2020-11-03 08:00:00,2025-06-11 00:00:00
support_level_20_mm30,target_binarytrend,mi,0.003907086370534385,2020-11-03 08:00:00,2025-06-11 00:00:00
resistance_level_20_mm30,target_binarytrend,mi,0.004487970506419581,2020-11-03 08:00:00,2025-06-11 00:00:00
distance_to_support_mm30,target_binarytrend,mi,0.0009528721775697857,2020-11-03 08:00:00,2025-06-11 00:00:00
distance_to_resistance_mm30,target_binarytrend,mi,0.003092302655126833,2020-11-03 08:00:00,2025-06-11 00:00:00
volume_mm30,target_binarytrend,mi,0.001633731326759147,2020-11-03 08:00:00,2025-06-11 00:00:00
vol_ma_mm30,target_binarytrend,mi,0.0,2020-11-03 08:00:00,2025-06-11 00:00:00
volume_relative_20_mm30,target_binarytrend,mi,0.0011118824780051995,2020-11-03 08:00:00,2025-06-11 00:00:00
obv_mm30,target_binarytrend,mi,0.001705842263298507,2020-11-03 08:00:00,2025-06-11 00:00:00
amplitude_range_mm30,target_binarytrend,mi,0.0006033028797509665,2020-11-03 08:00:00,2025-06-11 00:00:00
atr_slope_mm30,target_binarytrend,mi,0.0,2020-11-03 08:00:00,2025-06-11 00:00:00
cci_mm30,target_binarytrend,mi,0.0009398874697768012,2020-11-03 08:00:00,2025-06-11 00:00:00
adx_scaled_mm30,target_binarytrend,mi,0.0013562573109353604,2020-11-03 08:00:00,2025-06-11 00:00:00
vwap_mm30,target_binarytrend,mi,0.026282456183506442,2020-11-03 08:00:00,2025-06-11 00:00:00
obv_diff1_mm30,target_binarytrend,mi,0.0013012677125618932,2020-11-03 08:00:00,2025-06-11 00:00:00
obv_pct_mm30,target_binarytrend,mi,0.0001426974533349501,2020-11-03 08:00:00,2025-06-11 00:00:00
obv_slope_14_mm30,target_binarytrend,mi,0.0006597465771014388,2020-11-03 08:00:00,2025-06-11 00:00:00
trend_flag_mm30,target_binarytrend,mi,0.009201136059911574,2020-11-03 08:00:00,2025-06-11 00:00:00
keltner_upper_20_mm30,target_binarytrend,mi,0.005958659293358037,2020-11-03 08:00:00,2025-06-11 00:00:00
keltner_lower_20_mm30,target_binarytrend,mi,0.005805951928917752,2020-11-03 08:00:00,2025-06-11 00:00:00
tsi_mm30,target_binarytrend,mi,0.0005742938553332522,2020-11-03 08:00:00,2025-06-11 00:00:00
williams_r_mm30,target_binarytrend,mi,0.0006856336870006974,2020-11-03 08:00:00,2025-06-11 00:00:00
ichimoku_conv_mm30,target_binarytrend,mi,0.0,2020-11-03 08:00:00,2025-06-11 00:00:00
ichimoku_base_mm30,target_binarytrend,mi,0.006129043141597679,2020-11-03 08:00:00,2025-06-11 00:00:00
ichimoku_span_a_mm30,target_binarytrend,mi,0.0006681144754365764,2020-11-03 08:00:00,2025-06-11 00:00:00
ichimoku_span_b_mm30,target_binarytrend,mi,0.005932404163465854,2020-11-03 08:00:00,2025-06-11 00:00:00
cloud_thickness_mm30,target_binarytrend,mi,0.0,2020-11-03 08:00:00,2025-06-11 00:00:00
supertrend_10_3_mm30,target_binarytrend,mi,0.0007431444232179896,2020-11-03 08:00:00,2025-06-11 00:00:00
heikin_ashi_trend_mm30,target_binarytrend,mi,0.003123277386994916,2020-11-03 08:00:00,2025-06-11 00:00:00
ret_skew_30d_mm30,target_binarytrend,mi,0.0,2020-11-03 08:00:00,2025-06-11 00:00:00
ret_kurt_30d_mm30,target_binarytrend,mi,0.0004211375076097479,2020-11-03 08:00:00,2025-06-11 00:00:00
var_95_30d_mm30,target_binarytrend,mi,0.0,2020-11-03 08:00:00,2025-06-11 00:00:00
cvar_95_30d_mm30,target_binarytrend,mi,0.0,2020-11-03 08:00:00,2025-06-11 00:00:00
z_score_gap_mm30,target_binarytrend,mi,0.0,2020-11-03 08:00:00,2025-06-11 00:00:00
engulfing_up_cnt_20_mm30,target_binarytrend,mi,0.0028795106809922366,2020-11-03 08:00:00,2025-06-11 00:00:00
doji_ratio_20_mm30,target_binarytrend,mi,0.0020520473257501504,2020-11-03 08:00:00,2025-06-11 00:00:00
hammer_cnt_20_mm30,target_binarytrend,mi,0.00298283573692415,2020-11-03 08:00:00,2025-06-11 00:00:00
cmf_mm30,target_binarytrend,mi,0.00267619009910236,2020-11-03 08:00:00,2025-06-11 00:00:00
price_volume_corr_20_mm30,target_binarytrend,mi,0.0010534373359614158,2020-11-03 08:00:00,2025-06-11 00:00:00
price_position_ma200_mm30,target_binarytrend,mi,0.0004240774858934593,2020-11-03 08:00:00,2025-06-11 00:00:00
beta_btc_60d_mm30,target_binarytrend,mi,0.0008526641111630262,2020-11-03 08:00:00,2025-06-11 00:00:00
distance_to_pivot_mm30,target_binarytrend,mi,0.0,2020-11-03 08:00:00,2025-06-11 00:00:00
volume_profile_hvn_mm30,target_binarytrend,mi,0.0,2020-11-03 08:00:00,2025-06-11 00:00:00
volume_profile_lvn_mm30,target_binarytrend,mi,0.0,2020-11-03 08:00:00,2025-06-11 00:00:00
hour_sin_mm30,target_binarytrend,mi,0.0033276482037827293,2020-11-03 08:00:00,2025-06-11 00:00:00
hour_cos_mm30,target_binarytrend,mi,0.004485543572422923,2020-11-03 08:00:00,2025-06-11 00:00:00
dow_sin_mm30,target_binarytrend,mi,0.006334199426885956,2020-11-03 08:00:00,2025-06-11 00:00:00
dow_cos_mm30,target_binarytrend,mi,0.004956332200926061,2020-11-03 08:00:00,2025-06-11 00:00:00
_orig_idx,target_binarytrend,mi,0.27869823964589413,2020-11-03 08:00:00,2025-06-11 00:00:00
_orig_ts,target_binarytrend,mi,0.27772762462394973,2020-11-03 08:00:00,2025-06-11 00:00:00
rolling_volatility,target_binarytrend,mi,0.0,2020-11-03 08:00:00,2025-06-11 00:00:00
ewmavolatility,target_binarytrend,mi,0.0003000627061680028,2020-11-03 08:00:00,2025-06-11 00:00:00
return_skewness,target_binarytrend,mi,0.00013470928267333981,2020-11-03 08:00:00,2025-06-11 00:00:00
tail_bias_norm,target_binarytrend,mi,0.0022258070263339036,2020-11-03 08:00:00,2025-06-11 00:00:00
logreturn_pct_rank,target_binarytrend,mi,0.004259466855976557,2020-11-03 08:00:00,2025-06-11 00:00:00
donchian_high_20,target_drawdown_prob,mi,0.036197805045937725,2020-11-03 08:00:00,2025-06-11 00:00:00
volume,target_drawdown_prob,mi,0.0013551921659582522,2020-11-03 08:00:00,2025-06-11 00:00:00
rsi,target_drawdown_prob,mi,0.05407148712102794,2020-11-03 08:00:00,2025-06-11 00:00:00
macd_hist,target_drawdown_prob,mi,0.01964032875115107,2020-11-03 08:00:00,2025-06-11 00:00:00
kdj_j,target_drawdown_prob,mi,0.03589186760161578,2020-11-03 08:00:00,2025-06-11 00:00:00
momentum,target_drawdown_prob,mi,0.03087428217435817,2020-11-03 08:00:00,2025-06-11 00:00:00
vol_change,target_drawdown_prob,mi,0.002253251196347339,2020-11-03 08:00:00,2025-06-11 00:00:00
obv,target_drawdown_prob,mi,0.002399159337968193,2020-11-03 08:00:00,2025-06-11 00:00:00
adx,target_drawdown_prob,mi,0.0008825909226679585,2020-11-03 08:00:00,2025-06-11 00:00:00
plus_di,target_drawdown_prob,mi,0.059695660344779355,2020-11-03 08:00:00,2025-06-11 00:00:00
minus_di,target_drawdown_prob,mi,0.057837633074036,2020-11-03 08:00:00,2025-06-11 00:00:00
trend_flag,target_drawdown_prob,mi,0.022541791311638804,2020-11-03 08:00:00,2025-06-11 00:00:00
boll_bandwidth,target_drawdown_prob,mi,0.0026688241503838306,2020-11-03 08:00:00,2025-06-11 00:00:00
range_flag,target_drawdown_prob,mi,0.0007713841881693551,2020-11-03 08:00:00,2025-06-11 00:00:00
high_vol_flag,target_drawdown_prob,mi,0.0,2020-11-03 08:00:00,2025-06-11 00:00:00
squeeze_on,target_drawdown_prob,mi,0.0040542097272859845,2020-11-03 08:00:00,2025-06-11 00:00:00
ppo,target_drawdown_prob,mi,0.041720988164237305,2020-11-03 08:00:00,2025-06-11 00:00:00
stoch_rsi_mm30,target_drawdown_prob,mi,0.010263242384646931,2020-11-03 08:00:00,2025-06-11 00:00:00
cloud_thickness,target_drawdown_prob,mi,0.012608593052642503,2020-11-03 08:00:00,2025-06-11 00:00:00
heikin_ashi_trend,target_drawdown_prob,mi,0.01032221984107995,2020-11-03 08:00:00,2025-06-11 00:00:00
ret_skew_30d,target_drawdown_prob,mi,0.010978540503985723,2020-11-03 08:00:00,2025-06-11 00:00:00
ret_kurt_30d,target_drawdown_prob,mi,3.0695094365373876e-05,2020-11-03 08:00:00,2025-06-11 00:00:00
var_95_30d,target_drawdown_prob,mi,0.06072986669039748,2020-11-03 08:00:00,2025-06-11 00:00:00
cvar_95_30d,target_drawdown_prob,mi,0.06485289426794472,2020-11-03 08:00:00,2025-06-11 00:00:00
z_score_gap,target_drawdown_prob,mi,0.0005084709557037215,2020-11-03 08:00:00,2025-06-11 00:00:00
doji_ratio_20,target_drawdown_prob,mi,0.010334276250549168,2020-11-03 08:00:00,2025-06-11 00:00:00
hammer_cnt_20,target_drawdown_prob,mi,0.031020014040000765,2020-11-03 08:00:00,2025-06-11 00:00:00
engulfing_up_cnt_20,target_drawdown_prob,mi,0.012661182025465845,2020-11-03 08:00:00,2025-06-11 00:00:00
mfi,target_drawdown_prob,mi,0.03154863645571693,2020-11-03 08:00:00,2025-06-11 00:00:00
cmf,target_drawdown_prob,mi,0.017193147081546067,2020-11-03 08:00:00,2025-06-11 00:00:00
price_volume_corr_20,target_drawdown_prob,mi,0.019543403549039384,2020-11-03 08:00:00,2025-06-11 00:00:00
price_position_ma200,target_drawdown_prob,mi,0.015446527843195668,2020-11-03 08:00:00,2025-06-11 00:00:00
r_sym,target_drawdown_prob,mi,0.01449066949673461,2020-11-03 08:00:00,2025-06-11 00:00:00
r_btc,target_drawdown_prob,mi,0.06604619175687576,2020-11-03 08:00:00,2025-06-11 00:00:00
beta_btc_60d,target_drawdown_prob,mi,0.0053632481352796635,2020-11-03 08:00:00,2025-06-11 00:00:00
distance_to_pivot,target_drawdown_prob,mi,0.004527998351994356,2020-11-03 08:00:00,2025-06-11 00:00:00
hour_cos,target_drawdown_prob,mi,0.004631227493589352,2020-11-03 08:00:00,2025-06-11 00:00:00
dow_sin,target_drawdown_prob,mi,0.008245632415703641,2020-11-03 08:00:00,2025-06-11 00:00:00
dow_cos,target_drawdown_prob,mi,0.012021880745670455,2020-11-03 08:00:00,2025-06-11 00:00:00
trend_flag_diff1,target_drawdown_prob,mi,0.0016161978716542347,2020-11-03 08:00:00,2025-06-11 00:00:00
trend_flag_slope_24h,target_drawdown_prob,mi,0.002357810424274742,2020-11-03 08:00:00,2025-06-11 00:00:00
range_flag_diff1,target_drawdown_prob,mi,0.00039891380106049645,2020-11-03 08:00:00,2025-06-11 00:00:00
range_flag_slope_24h,target_drawdown_prob,mi,0.0,2020-11-03 08:00:00,2025-06-11 00:00:00
ppo_diff1,target_drawdown_prob,mi,0.013952834542255932,2020-11-03 08:00:00,2025-06-11 00:00:00
ppo_slope_24h,target_drawdown_prob,mi,0.009701352753422876,2020-11-03 08:00:00,2025-06-11 00:00:00
stoch_rsi_diff1,target_drawdown_prob,mi,0.0008807515023740997,2020-11-03 08:00:00,2025-06-11 00:00:00
stoch_rsi_slope_24h,target_drawdown_prob,mi,0.001861060892027977,2020-11-03 08:00:00,2025-06-11 00:00:00
psar_diff1,target_drawdown_prob,mi,0.014450854898914622,2020-11-03 08:00:00,2025-06-11 00:00:00
psar_slope_24h,target_drawdown_prob,mi,0.003656556656372434,2020-11-03 08:00:00,2025-06-11 00:00:00
ret_skew_30d_diff1,target_drawdown_prob,mi,0.0016488759843160672,2020-11-03 08:00:00,2025-06-11 00:00:00
ret_skew_30d_slope_24h,target_drawdown_prob,mi,0.0005217737471534534,2020-11-03 08:00:00,2025-06-11 00:00:00
ret_kurt_30d_diff1,target_drawdown_prob,mi,0.00011225285888372127,2020-11-03 08:00:00,2025-06-11 00:00:00
ret_kurt_30d_slope_24h,target_drawdown_prob,mi,0.000572804092432655,2020-11-03 08:00:00,2025-06-11 00:00:00
mfi_diff1,target_drawdown_prob,mi,0.0036602356390942337,2020-11-03 08:00:00,2025-06-11 00:00:00
mfi_slope_24h,target_drawdown_prob,mi,0.004710668782122784,2020-11-03 08:00:00,2025-06-11 00:00:00
price_position_ma200_diff1,target_drawdown_prob,mi,0.006972240482835179,2020-11-03 08:00:00,2025-06-11 00:00:00
price_position_ma200_slope_24h,target_drawdown_prob,mi,0.021242639261311203,2020-11-03 08:00:00,2025-06-11 00:00:00
macd_bullish_cross,target_drawdown_prob,mi,0.0010719138610235657,2020-11-03 08:00:00,2025-06-11 00:00:00
rsi_overbought,target_drawdown_prob,mi,0.030260581773585482,2020-11-03 08:00:00,2025-06-11 00:00:00
rsi_oversold,target_drawdown_prob,mi,0.01008113711414671,2020-11-03 08:00:00,2025-06-11 00:00:00
price_above_ma20,target_drawdown_prob,mi,0.07512907885216435,2020-11-03 08:00:00,2025-06-11 00:00:00
breakout_recent_high,target_drawdown_prob,mi,0.019407200733201124,2020-11-03 08:00:00,2025-06-11 00:00:00
distance_to_resistance,target_drawdown_prob,mi,0.036792111119748006,2020-11-03 08:00:00,2025-06-11 00:00:00
trendline_slope_20,target_drawdown_prob,mi,0.03159581163237246,2020-11-03 08:00:00,2025-06-11 00:00:00
volume_relative_20,target_drawdown_prob,mi,0.008270915434305692,2020-11-03 08:00:00,2025-06-11 00:00:00
volume_percentile,target_drawdown_prob,mi,0.009013966610957436,2020-11-03 08:00:00,2025-06-11 00:00:00
distance_to_support,target_drawdown_prob,mi,0.024609987318016557,2020-11-03 08:00:00,2025-06-11 00:00:00
volume_spike_near_support,target_drawdown_prob,mi,0.002102982021350952,2020-11-03 08:00:00,2025-06-11 00:00:00
volume_spike_near_resist,target_drawdown_prob,mi,0.012633671632780619,2020-11-03 08:00:00,2025-06-11 00:00:00
obv_diff1,target_drawdown_prob,mi,0.010893162409844726,2020-11-03 08:00:00,2025-06-11 00:00:00
obv_pct,target_drawdown_prob,mi,0.004423115621754903,2020-11-03 08:00:00,2025-06-11 00:00:00
obv_slope_14,target_drawdown_prob,mi,0.019787956597505874,2020-11-03 08:00:00,2025-06-11 00:00:00
atr_ratio_price,target_drawdown_prob,mi,0.0008927881555702566,2020-11-03 08:00:00,2025-06-11 00:00:00
atr_ratio_range,target_drawdown_prob,mi,0.004935221617212715,2020-11-03 08:00:00,2025-06-11 00:00:00
atr_change,target_drawdown_prob,mi,0.00459461090029456,2020-11-03 08:00:00,2025-06-11 00:00:00
atr_slope,target_drawdown_prob,mi,0.0036163721586492947,2020-11-03 08:00:00,2025-06-11 00:00:00
ma20_zn30,target_drawdown_prob,mi,0.03702832163202241,2020-11-03 08:00:00,2025-06-11 00:00:00
boll_upper_zn30,target_drawdown_prob,mi,0.03968130121697522,2020-11-03 08:00:00,2025-06-11 00:00:00
boll_lower_zn30,target_drawdown_prob,mi,0.00584851037934131,2020-11-03 08:00:00,2025-06-11 00:00:00
support_level_20_zn30,target_drawdown_prob,mi,0.01778533859724818,2020-11-03 08:00:00,2025-06-11 00:00:00
donchian_high_20_zn30,target_drawdown_prob,mi,0.04950868009754461,2020-11-03 08:00:00,2025-06-11 00:00:00
distance_to_support_zn30,target_drawdown_prob,mi,0.02027311444447033,2020-11-03 08:00:00,2025-06-11 00:00:00
distance_to_resistance_zn30,target_drawdown_prob,mi,0.021230172258339453,2020-11-03 08:00:00,2025-06-11 00:00:00
vol_ma_zn30,target_drawdown_prob,mi,0.0075630597243450115,2020-11-03 08:00:00,2025-06-11 00:00:00
volume_relative_20_zn30,target_drawdown_prob,mi,0.005837589201522331,2020-11-03 08:00:00,2025-06-11 00:00:00
obv_zn30,target_drawdown_prob,mi,0.050473133382471724,2020-11-03 08:00:00,2025-06-11 00:00:00
atr_zn30,target_drawdown_prob,mi,0.003205230331224662,2020-11-03 08:00:00,2025-06-11 00:00:00
amplitude_range_zn30,target_drawdown_prob,mi,0.0065441363409743936,2020-11-03 08:00:00,2025-06-11 00:00:00
atr_slope_zn30,target_drawdown_prob,mi,0.004635529819596806,2020-11-03 08:00:00,2025-06-11 00:00:00
trendline_slope_20_zn30,target_drawdown_prob,mi,0.015180672343034773,2020-11-03 08:00:00,2025-06-11 00:00:00
ma_diff_5_20_zn30,target_drawdown_prob,mi,0.018701525922399487,2020-11-03 08:00:00,2025-06-11 00:00:00
cci_zn30,target_drawdown_prob,mi,0.022917371778989448,2020-11-03 08:00:00,2025-06-11 00:00:00
adx_scaled_zn30,target_drawdown_prob,mi,0.0052327472456283886,2020-11-03 08:00:00,2025-06-11 00:00:00
vwap_zn30,target_drawdown_prob,mi,0.009098424865031207,2020-11-03 08:00:00,2025-06-11 00:00:00
obv_diff1_zn30,target_drawdown_prob,mi,0.01617532921070719,2020-11-03 08:00:00,2025-06-11 00:00:00
obv_pct_zn30,target_drawdown_prob,mi,0.006520966235642689,2020-11-03 08:00:00,2025-06-11 00:00:00
obv_slope_14_zn30,target_drawdown_prob,mi,0.012953976196582229,2020-11-03 08:00:00,2025-06-11 00:00:00
trend_flag_zn30,target_drawdown_prob,mi,0.0036681235054580874,2020-11-03 08:00:00,2025-06-11 00:00:00
range_flag_zn30,target_drawdown_prob,mi,0.0,2020-11-03 08:00:00,2025-06-11 00:00:00
high_vol_flag_zn30,target_drawdown_prob,mi,0.000734661957624283,2020-11-03 08:00:00,2025-06-11 00:00:00
stress_flag_zn30,target_drawdown_prob,mi,0.0004529944087858784,2020-11-03 08:00:00,2025-06-11 00:00:00
squeeze_on_zn30,target_drawdown_prob,mi,0.001175713265298306,2020-11-03 08:00:00,2025-06-11 00:00:00
ppo_zn30,target_drawdown_prob,mi,0.0210979435511498,2020-11-03 08:00:00,2025-06-11 00:00:00
stoch_rsi_zn30,target_drawdown_prob,mi,0.00711506306944254,2020-11-03 08:00:00,2025-06-11 00:00:00
williams_r_zn30,target_drawdown_prob,mi,0.01789423434900228,2020-11-03 08:00:00,2025-06-11 00:00:00
ichimoku_conv_zn30,target_drawdown_prob,mi,0.05110858970700938,2020-11-03 08:00:00,2025-06-11 00:00:00
ichimoku_base_zn30,target_drawdown_prob,mi,0.038620863416759965,2020-11-03 08:00:00,2025-06-11 00:00:00
ichimoku_span_a_zn30,target_drawdown_prob,mi,0.0009618036541765296,2020-11-03 08:00:00,2025-06-11 00:00:00
ichimoku_span_b_zn30,target_drawdown_prob,mi,0.000798631841072206,2020-11-03 08:00:00,2025-06-11 00:00:00
cloud_thickness_zn30,target_drawdown_prob,mi,0.0008289070611593452,2020-11-03 08:00:00,2025-06-11 00:00:00
psar_zn30,target_drawdown_prob,mi,0.008004675510485226,2020-11-03 08:00:00,2025-06-11 00:00:00
psar_flip_flag_zn30,target_drawdown_prob,mi,0.003038798843040702,2020-11-03 08:00:00,2025-06-11 00:00:00
supertrend_10_3_zn30,target_drawdown_prob,mi,0.03390526367056368,2020-11-03 08:00:00,2025-06-11 00:00:00
heikin_ashi_trend_zn30,target_drawdown_prob,mi,0.008632785840296364,2020-11-03 08:00:00,2025-06-11 00:00:00
ret_skew_30d_zn30,target_drawdown_prob,mi,0.004208690639489809,2020-11-03 08:00:00,2025-06-11 00:00:00
ret_kurt_30d_zn30,target_drawdown_prob,mi,0.0008297710998983465,2020-11-03 08:00:00,2025-06-11 00:00:00
var_95_30d_zn30,target_drawdown_prob,mi,0.004219478076219696,2020-11-03 08:00:00,2025-06-11 00:00:00
cvar_95_30d_zn30,target_drawdown_prob,mi,0.004338321778269316,2020-11-03 08:00:00,2025-06-11 00:00:00
z_score_gap_zn30,target_drawdown_prob,mi,0.005205666855787827,2020-11-03 08:00:00,2025-06-11 00:00:00
engulfing_up_cnt_20_zn30,target_drawdown_prob,mi,0.001530563021028053,2020-11-03 08:00:00,2025-06-11 00:00:00
doji_ratio_20_zn30,target_drawdown_prob,mi,0.0012753726165686263,2020-11-03 08:00:00,2025-06-11 00:00:00
hammer_cnt_20_zn30,target_drawdown_prob,mi,0.011550143793421341,2020-11-03 08:00:00,2025-06-11 00:00:00
mfi_zn30,target_drawdown_prob,mi,0.010361923292332431,2020-11-03 08:00:00,2025-06-11 00:00:00
cmf_zn30,target_drawdown_prob,mi,0.005509961869085478,2020-11-03 08:00:00,2025-06-11 00:00:00
price_volume_corr_20_zn30,target_drawdown_prob,mi,0.006387402049330637,2020-11-03 08:00:00,2025-06-11 00:00:00
price_position_ma200_zn30,target_drawdown_prob,mi,0.04473475525853132,2020-11-03 08:00:00,2025-06-11 00:00:00
beta_btc_60d_zn30,target_drawdown_prob,mi,0.0011296979216139924,2020-11-03 08:00:00,2025-06-11 00:00:00
distance_to_pivot_zn30,target_drawdown_prob,mi,0.0021453850675721142,2020-11-03 08:00:00,2025-06-11 00:00:00
volume_profile_hvn_zn30,target_drawdown_prob,mi,0.0015050342167191033,2020-11-03 08:00:00,2025-06-11 00:00:00
volume_profile_lvn_zn30,target_drawdown_prob,mi,0.002061379474202596,2020-11-03 08:00:00,2025-06-11 00:00:00
dow_sin_zn30,target_drawdown_prob,mi,0.0015245479001615436,2020-11-03 08:00:00,2025-06-11 00:00:00
dow_cos_zn30,target_drawdown_prob,mi,0.0015431235247069797,2020-11-03 08:00:00,2025-06-11 00:00:00
high_mm30,target_drawdown_prob,mi,0.07578443446061045,2020-11-03 08:00:00,2025-06-11 00:00:00
low_mm30,target_drawdown_prob,mi,0.06937439724817285,2020-11-03 08:00:00,2025-06-11 00:00:00
ma5_mm30,target_drawdown_prob,mi,0.0666610152356093,2020-11-03 08:00:00,2025-06-11 00:00:00
boll_upper_mm30,target_drawdown_prob,mi,0.04370840065742021,2020-11-03 08:00:00,2025-06-11 00:00:00
boll_lower_mm30,target_drawdown_prob,mi,0.009710044416903374,2020-11-03 08:00:00,2025-06-11 00:00:00
support_level_20_mm30,target_drawdown_prob,mi,0.03410585609479555,2020-11-03 08:00:00,2025-06-11 00:00:00
resistance_level_20_mm30,target_drawdown_prob,mi,0.04803758110445444,2020-11-03 08:00:00,2025-06-11 00:00:00
distance_to_support_mm30,target_drawdown_prob,mi,0.023932121502189707,2020-11-03 08:00:00,2025-06-11 00:00:00
distance_to_resistance_mm30,target_drawdown_prob,mi,0.024770006739252892,2020-11-03 08:00:00,2025-06-11 00:00:00
volume_mm30,target_drawdown_prob,mi,0.008705871082820726,2020-11-03 08:00:00,2025-06-11 00:00:00
vol_ma_mm30,target_drawdown_prob,mi,0.006518751726922067,2020-11-03 08:00:00,2025-06-11 00:00:00
volume_relative_20_mm30,target_drawdown_prob,mi,0.004976052507728479,2020-11-03 08:00:00,2025-06-11 00:00:00
obv_mm30,target_drawdown_prob,mi,0.04814140238796072,2020-11-03 08:00:00,2025-06-11 00:00:00
amplitude_range_mm30,target_drawdown_prob,mi,0.0077205508601050354,2020-11-03 08:00:00,2025-06-11 00:00:00
atr_slope_mm30,target_drawdown_prob,mi,0.002301024112614458,2020-11-03 08:00:00,2025-06-11 00:00:00
cci_mm30,target_drawdown_prob,mi,0.018030737305946953,2020-11-03 08:00:00,2025-06-11 00:00:00
adx_scaled_mm30,target_drawdown_prob,mi,0.009693380407795882,2020-11-03 08:00:00,2025-06-11 00:00:00
vwap_mm30,target_drawdown_prob,mi,0.044725201603048825,2020-11-03 08:00:00,2025-06-11 00:00:00
obv_diff1_mm30,target_drawdown_prob,mi,0.007208218789384935,2020-11-03 08:00:00,2025-06-11 00:00:00
obv_pct_mm30,target_drawdown_prob,mi,0.0038850335803650715,2020-11-03 08:00:00,2025-06-11 00:00:00
obv_slope_14_mm30,target_drawdown_prob,mi,0.011088323077127926,2020-11-03 08:00:00,2025-06-11 00:00:00
trend_flag_mm30,target_drawdown_prob,mi,0.01928776694103762,2020-11-03 08:00:00,2025-06-11 00:00:00
keltner_upper_20_mm30,target_drawdown_prob,mi,0.05848371512556905,2020-11-03 08:00:00,2025-06-11 00:00:00
keltner_lower_20_mm30,target_drawdown_prob,mi,0.053138293566088235,2020-11-03 08:00:00,2025-06-11 00:00:00
tsi_mm30,target_drawdown_prob,mi,0.024912945623669636,2020-11-03 08:00:00,2025-06-11 00:00:00
williams_r_mm30,target_drawdown_prob,mi,0.0249726068243461,2020-11-03 08:00:00,2025-06-11 00:00:00
ichimoku_conv_mm30,target_drawdown_prob,mi,0.05740726834801024,2020-11-03 08:00:00,2025-06-11 00:00:00
ichimoku_base_mm30,target_drawdown_prob,mi,0.044968763126110645,2020-11-03 08:00:00,2025-06-11 00:00:00
ichimoku_span_a_mm30,target_drawdown_prob,mi,0.013160568762342395,2020-11-03 08:00:00,2025-06-11 00:00:00
ichimoku_span_b_mm30,target_drawdown_prob,mi,0.022191537221552204,2020-11-03 08:00:00,2025-06-11 00:00:00
cloud_thickness_mm30,target_drawdown_prob,mi,0.012070151176698962,2020-11-03 08:00:00,2025-06-11 00:00:00
supertrend_10_3_mm30,target_drawdown_prob,mi,0.03552611244500303,2020-11-03 08:00:00,2025-06-11 00:00:00
heikin_ashi_trend_mm30,target_drawdown_prob,mi,0.003630325228938691,2020-11-03 08:00:00,2025-06-11 00:00:00
ret_skew_30d_mm30,target_drawdown_prob,mi,0.004517402440078255,2020-11-03 08:00:00,2025-06-11 00:00:00
ret_kurt_30d_mm30,target_drawdown_prob,mi,0.0007810124494249671,2020-11-03 08:00:00,2025-06-11 00:00:00
var_95_30d_mm30,target_drawdown_prob,mi,0.0330709456182261,2020-11-03 08:00:00,2025-06-11 00:00:00
cvar_95_30d_mm30,target_drawdown_prob,mi,0.029618147935841943,2020-11-03 08:00:00,2025-06-11 00:00:00
z_score_gap_mm30,target_drawdown_prob,mi,0.017761035501639322,2020-11-03 08:00:00,2025-06-11 00:00:00
engulfing_up_cnt_20_mm30,target_drawdown_prob,mi,0.008536864650459108,2020-11-03 08:00:00,2025-06-11 00:00:00
doji_ratio_20_mm30,target_drawdown_prob,mi,0.0036460856924585006,2020-11-03 08:00:00,2025-06-11 00:00:00
hammer_cnt_20_mm30,target_drawdown_prob,mi,0.01413144262547883,2020-11-03 08:00:00,2025-06-11 00:00:00
cmf_mm30,target_drawdown_prob,mi,0.006753705792549303,2020-11-03 08:00:00,2025-06-11 00:00:00
price_volume_corr_20_mm30,target_drawdown_prob,mi,0.010704607250766829,2020-11-03 08:00:00,2025-06-11 00:00:00
price_position_ma200_mm30,target_drawdown_prob,mi,0.046953130258641895,2020-11-03 08:00:00,2025-06-11 00:00:00
beta_btc_60d_mm30,target_drawdown_prob,mi,0.0029897252925601414,2020-11-03 08:00:00,2025-06-11 00:00:00
distance_to_pivot_mm30,target_drawdown_prob,mi,0.001802498274445119,2020-11-03 08:00:00,2025-06-11 00:00:00
volume_profile_hvn_mm30,target_drawdown_prob,mi,0.013055308636205298,2020-11-03 08:00:00,2025-06-11 00:00:00
volume_profile_lvn_mm30,target_drawdown_prob,mi,0.01222397126951047,2020-11-03 08:00:00,2025-06-11 00:00:00
hour_sin_mm30,target_drawdown_prob,mi,0.00517829767171607,2020-11-03 08:00:00,2025-06-11 00:00:00
hour_cos_mm30,target_drawdown_prob,mi,0.004473254368712043,2020-11-03 08:00:00,2025-06-11 00:00:00
dow_sin_mm30,target_drawdown_prob,mi,0.010616678443562844,2020-11-03 08:00:00,2025-06-11 00:00:00
dow_cos_mm30,target_drawdown_prob,mi,0.008966058274516353,2020-11-03 08:00:00,2025-06-11 00:00:00
_orig_idx,target_drawdown_prob,mi,0.07860224302182495,2020-11-03 08:00:00,2025-06-11 00:00:00
_orig_ts,target_drawdown_prob,mi,0.08659682970801863,2020-11-03 08:00:00,2025-06-11 00:00:00
rolling_volatility,target_drawdown_prob,mi,0.0014708981140865163,2020-11-03 08:00:00,2025-06-11 00:00:00
ewmavolatility,target_drawdown_prob,mi,0.0001717564671293026,2020-11-03 08:00:00,2025-06-11 00:00:00
return_skewness,target_drawdown_prob,mi,0.013137373108576877,2020-11-03 08:00:00,2025-06-11 00:00:00
tail_bias_norm,target_drawdown_prob,mi,0.009436175448322315,2020-11-03 08:00:00,2025-06-11 00:00:00
logreturn_pct_rank,target_drawdown_prob,mi,0.012930525014178462,2020-11-03 08:00:00,2025-06-11 00:00:00
donchian_high_20,target_sideway_detect,mi,0.03251722160912385,2020-11-03 08:00:00,2025-06-11 00:00:00
volume,target_sideway_detect,mi,0.022708503249041945,2020-11-03 08:00:00,2025-06-11 00:00:00
rsi,target_sideway_detect,mi,2.8063778911402437e-05,2020-11-03 08:00:00,2025-06-11 00:00:00
macd_hist,target_sideway_detect,mi,0.0034419086564418944,2020-11-03 08:00:00,2025-06-11 00:00:00
kdj_j,target_sideway_detect,mi,0.0009598017114620383,2020-11-03 08:00:00,2025-06-11 00:00:00
momentum,target_sideway_detect,mi,0.00973026490918194,2020-11-03 08:00:00,2025-06-11 00:00:00
vol_change,target_sideway_detect,mi,0.0007434534856309849,2020-11-03 08:00:00,2025-06-11 00:00:00
obv,target_sideway_detect,mi,0.02333962828453484,2020-11-03 08:00:00,2025-06-11 00:00:00
adx,target_sideway_detect,mi,0.002599706663796164,2020-11-03 08:00:00,2025-06-11 00:00:00
plus_di,target_sideway_detect,mi,0.0014525069958706283,2020-11-03 08:00:00,2025-06-11 00:00:00
minus_di,target_sideway_detect,mi,0.0004830161356101925,2020-11-03 08:00:00,2025-06-11 00:00:00
trend_flag,target_sideway_detect,mi,0.019106586278408555,2020-11-03 08:00:00,2025-06-11 00:00:00
boll_bandwidth,target_sideway_detect,mi,0.03122555903239066,2020-11-03 08:00:00,2025-06-11 00:00:00
range_flag,target_sideway_detect,mi,0.002633408091338829,2020-11-03 08:00:00,2025-06-11 00:00:00
high_vol_flag,target_sideway_detect,mi,0.0,2020-11-03 08:00:00,2025-06-11 00:00:00
squeeze_on,target_sideway_detect,mi,0.004835892556745103,2020-11-03 08:00:00,2025-06-11 00:00:00
ppo,target_sideway_detect,mi,0.017306955865231455,2020-11-03 08:00:00,2025-06-11 00:00:00
stoch_rsi_mm30,target_sideway_detect,mi,0.0015600869931253758,2020-11-03 08:00:00,2025-06-11 00:00:00
cloud_thickness,target_sideway_detect,mi,0.009047374166236466,2020-11-03 08:00:00,2025-06-11 00:00:00
heikin_ashi_trend,target_sideway_detect,mi,0.008097369135759758,2020-11-03 08:00:00,2025-06-11 00:00:00
ret_skew_30d,target_sideway_detect,mi,0.00028886600555555475,2020-11-03 08:00:00,2025-06-11 00:00:00
ret_kurt_30d,target_sideway_detect,mi,0.0008187392929570603,2020-11-03 08:00:00,2025-06-11 00:00:00
var_95_30d,target_sideway_detect,mi,0.04468084430475128,2020-11-03 08:00:00,2025-06-11 00:00:00
cvar_95_30d,target_sideway_detect,mi,0.04414401761820419,2020-11-03 08:00:00,2025-06-11 00:00:00
z_score_gap,target_sideway_detect,mi,0.0,2020-11-03 08:00:00,2025-06-11 00:00:00
doji_ratio_20,target_sideway_detect,mi,0.00816107403208055,2020-11-03 08:00:00,2025-06-11 00:00:00
hammer_cnt_20,target_sideway_detect,mi,0.007424888655531481,2020-11-03 08:00:00,2025-06-11 00:00:00
engulfing_up_cnt_20,target_sideway_detect,mi,0.008260877715595472,2020-11-03 08:00:00,2025-06-11 00:00:00
mfi,target_sideway_detect,mi,0.0,2020-11-03 08:00:00,2025-06-11 00:00:00
cmf,target_sideway_detect,mi,0.0011360129534121466,2020-11-03 08:00:00,2025-06-11 00:00:00
price_volume_corr_20,target_sideway_detect,mi,0.0,2020-11-03 08:00:00,2025-06-11 00:00:00
price_position_ma200,target_sideway_detect,mi,0.018776338495650968,2020-11-03 08:00:00,2025-06-11 00:00:00
r_sym,target_sideway_detect,mi,0.01683405152960482,2020-11-03 08:00:00,2025-06-11 00:00:00
r_btc,target_sideway_detect,mi,0.059747831137472174,2020-11-03 08:00:00,2025-06-11 00:00:00
beta_btc_60d,target_sideway_detect,mi,0.012471530776277717,2020-11-03 08:00:00,2025-06-11 00:00:00
distance_to_pivot,target_sideway_detect,mi,0.014952296948681054,2020-11-03 08:00:00,2025-06-11 00:00:00
hour_cos,target_sideway_detect,mi,0.007251946856060787,2020-11-03 08:00:00,2025-06-11 00:00:00
dow_sin,target_sideway_detect,mi,0.008618465878038162,2020-11-03 08:00:00,2025-06-11 00:00:00
dow_cos,target_sideway_detect,mi,0.010739950263368714,2020-11-03 08:00:00,2025-06-11 00:00:00
trend_flag_diff1,target_sideway_detect,mi,0.0009328925065259508,2020-11-03 08:00:00,2025-06-11 00:00:00
trend_flag_slope_24h,target_sideway_detect,mi,0.003670356088844473,2020-11-03 08:00:00,2025-06-11 00:00:00
range_flag_diff1,target_sideway_detect,mi,0.0001706116809814251,2020-11-03 08:00:00,2025-06-11 00:00:00
range_flag_slope_24h,target_sideway_detect,mi,0.005596643423877223,2020-11-03 08:00:00,2025-06-11 00:00:00
ppo_diff1,target_sideway_detect,mi,0.015072094963622051,2020-11-03 08:00:00,2025-06-11 00:00:00
ppo_slope_24h,target_sideway_detect,mi,0.015292552461545261,2020-11-03 08:00:00,2025-06-11 00:00:00
stoch_rsi_diff1,target_sideway_detect,mi,0.0,2020-11-03 08:00:00,2025-06-11 00:00:00
stoch_rsi_slope_24h,target_sideway_detect,mi,0.005014999842197776,2020-11-03 08:00:00,2025-06-11 00:00:00
psar_diff1,target_sideway_detect,mi,0.0030132658576516036,2020-11-03 08:00:00,2025-06-11 00:00:00
psar_slope_24h,target_sideway_detect,mi,0.004667412405449767,2020-11-03 08:00:00,2025-06-11 00:00:00
ret_skew_30d_diff1,target_sideway_detect,mi,0.000134488909746322,2020-11-03 08:00:00,2025-06-11 00:00:00
ret_skew_30d_slope_24h,target_sideway_detect,mi,0.0009988629892641043,2020-11-03 08:00:00,2025-06-11 00:00:00
ret_kurt_30d_diff1,target_sideway_detect,mi,0.0,2020-11-03 08:00:00,2025-06-11 00:00:00
ret_kurt_30d_slope_24h,target_sideway_detect,mi,0.0008355885077939718,2020-11-03 08:00:00,2025-06-11 00:00:00
mfi_diff1,target_sideway_detect,mi,0.0003608139660886689,2020-11-03 08:00:00,2025-06-11 00:00:00
mfi_slope_24h,target_sideway_detect,mi,0.0026011198557871484,2020-11-03 08:00:00,2025-06-11 00:00:00
price_position_ma200_diff1,target_sideway_detect,mi,0.015380548466237487,2020-11-03 08:00:00,2025-06-11 00:00:00
price_position_ma200_slope_24h,target_sideway_detect,mi,0.01787035995662012,2020-11-03 08:00:00,2025-06-11 00:00:00
macd_bullish_cross,target_sideway_detect,mi,0.0003151060589441368,2020-11-03 08:00:00,2025-06-11 00:00:00
rsi_overbought,target_sideway_detect,mi,0.003140986811233981,2020-11-03 08:00:00,2025-06-11 00:00:00
rsi_oversold,target_sideway_detect,mi,0.0018660025749430709,2020-11-03 08:00:00,2025-06-11 00:00:00
price_above_ma20,target_sideway_detect,mi,0.031997758588628855,2020-11-03 08:00:00,2025-06-11 00:00:00
breakout_recent_high,target_sideway_detect,mi,0.0005420240345297422,2020-11-03 08:00:00,2025-06-11 00:00:00
distance_to_resistance,target_sideway_detect,mi,0.018410016679110797,2020-11-03 08:00:00,2025-06-11 00:00:00
trendline_slope_20,target_sideway_detect,mi,0.004085718865971311,2020-11-03 08:00:00,2025-06-11 00:00:00
volume_relative_20,target_sideway_detect,mi,0.0030190079281999793,2020-11-03 08:00:00,2025-06-11 00:00:00
volume_percentile,target_sideway_detect,mi,0.004919761551614554,2020-11-03 08:00:00,2025-06-11 00:00:00
distance_to_support,target_sideway_detect,mi,0.019256287620959656,2020-11-03 08:00:00,2025-06-11 00:00:00
volume_spike_near_support,target_sideway_detect,mi,0.00021998995460403847,2020-11-03 08:00:00,2025-06-11 00:00:00
volume_spike_near_resist,target_sideway_detect,mi,0.001534253925627338,2020-11-03 08:00:00,2025-06-11 00:00:00
obv_diff1,target_sideway_detect,mi,0.02293185142395826,2020-11-03 08:00:00,2025-06-11 00:00:00
obv_pct,target_sideway_detect,mi,0.010533819557509538,2020-11-03 08:00:00,2025-06-11 00:00:00
obv_slope_14,target_sideway_detect,mi,0.014793528521121369,2020-11-03 08:00:00,2025-06-11 00:00:00
atr_ratio_price,target_sideway_detect,mi,0.038444716104106824,2020-11-03 08:00:00,2025-06-11 00:00:00
atr_ratio_range,target_sideway_detect,mi,0.00042565333264299454,2020-11-03 08:00:00,2025-06-11 00:00:00
atr_change,target_sideway_detect,mi,0.0013933724929144908,2020-11-03 08:00:00,2025-06-11 00:00:00
atr_slope,target_sideway_detect,mi,0.01154127867309529,2020-11-03 08:00:00,2025-06-11 00:00:00
ma20_zn30,target_sideway_detect,mi,0.000890725271018411,2020-11-03 08:00:00,2025-06-11 00:00:00
boll_upper_zn30,target_sideway_detect,mi,0.0009896444450396835,2020-11-03 08:00:00,2025-06-11 00:00:00
boll_lower_zn30,target_sideway_detect,mi,0.00042637117776633815,2020-11-03 08:00:00,2025-06-11 00:00:00
support_level_20_zn30,target_sideway_detect,mi,0.0010475832332679236,2020-11-03 08:00:00,2025-06-11 00:00:00
donchian_high_20_zn30,target_sideway_detect,mi,0.0010623688569482148,2020-11-03 08:00:00,2025-06-11 00:00:00
distance_to_support_zn30,target_sideway_detect,mi,0.0009192411062046713,2020-11-03 08:00:00,2025-06-11 00:00:00
distance_to_resistance_zn30,target_sideway_detect,mi,0.0014189967550624072,2020-11-03 08:00:00,2025-06-11 00:00:00
vol_ma_zn30,target_sideway_detect,mi,0.0015383798815453709,2020-11-03 08:00:00,2025-06-11 00:00:00
volume_relative_20_zn30,target_sideway_detect,mi,0.0010610015449750154,2020-11-03 08:00:00,2025-06-11 00:00:00
obv_zn30,target_sideway_detect,mi,0.0,2020-11-03 08:00:00,2025-06-11 00:00:00
atr_zn30,target_sideway_detect,mi,0.0009602473816683332,2020-11-03 08:00:00,2025-06-11 00:00:00
amplitude_range_zn30,target_sideway_detect,mi,0.0021039359838925797,2020-11-03 08:00:00,2025-06-11 00:00:00
atr_slope_zn30,target_sideway_detect,mi,0.0010676752853562288,2020-11-03 08:00:00,2025-06-11 00:00:00
trendline_slope_20_zn30,target_sideway_detect,mi,0.00025570217445936017,2020-11-03 08:00:00,2025-06-11 00:00:00
ma_diff_5_20_zn30,target_sideway_detect,mi,0.0,2020-11-03 08:00:00,2025-06-11 00:00:00
cci_zn30,target_sideway_detect,mi,0.0025773678759173357,2020-11-03 08:00:00,2025-06-11 00:00:00
adx_scaled_zn30,target_sideway_detect,mi,0.0010052890734857378,2020-11-03 08:00:00,2025-06-11 00:00:00
vwap_zn30,target_sideway_detect,mi,0.0021881673334722684,2020-11-03 08:00:00,2025-06-11 00:00:00
obv_diff1_zn30,target_sideway_detect,mi,0.0032369165361687546,2020-11-03 08:00:00,2025-06-11 00:00:00
obv_pct_zn30,target_sideway_detect,mi,0.002085401335152559,2020-11-03 08:00:00,2025-06-11 00:00:00
obv_slope_14_zn30,target_sideway_detect,mi,0.0010555180941254072,2020-11-03 08:00:00,2025-06-11 00:00:00
trend_flag_zn30,target_sideway_detect,mi,0.0010308525451401263,2020-11-03 08:00:00,2025-06-11 00:00:00
range_flag_zn30,target_sideway_detect,mi,0.006668537740030178,2020-11-03 08:00:00,2025-06-11 00:00:00
high_vol_flag_zn30,target_sideway_detect,mi,0.0,2020-11-03 08:00:00,2025-06-11 00:00:00
stress_flag_zn30,target_sideway_detect,mi,0.00020456077662123207,2020-11-03 08:00:00,2025-06-11 00:00:00
squeeze_on_zn30,target_sideway_detect,mi,0.004420575174122865,2020-11-03 08:00:00,2025-06-11 00:00:00
ppo_zn30,target_sideway_detect,mi,0.00022625289486999378,2020-11-03 08:00:00,2025-06-11 00:00:00
stoch_rsi_zn30,target_sideway_detect,mi,0.00039202633926738173,2020-11-03 08:00:00,2025-06-11 00:00:00
williams_r_zn30,target_sideway_detect,mi,3.506051222479378e-05,2020-11-03 08:00:00,2025-06-11 00:00:00
ichimoku_conv_zn30,target_sideway_detect,mi,3.0513241052965157e-05,2020-11-03 08:00:00,2025-06-11 00:00:00
ichimoku_base_zn30,target_sideway_detect,mi,0.0016921528146833786,2020-11-03 08:00:00,2025-06-11 00:00:00
ichimoku_span_a_zn30,target_sideway_detect,mi,0.00033785096748517596,2020-11-03 08:00:00,2025-06-11 00:00:00
ichimoku_span_b_zn30,target_sideway_detect,mi,0.0011980597030885054,2020-11-03 08:00:00,2025-06-11 00:00:00
cloud_thickness_zn30,target_sideway_detect,mi,0.0,2020-11-03 08:00:00,2025-06-11 00:00:00
psar_zn30,target_sideway_detect,mi,0.0010778937593474147,2020-11-03 08:00:00,2025-06-11 00:00:00
psar_flip_flag_zn30,target_sideway_detect,mi,0.0017247019084805082,2020-11-03 08:00:00,2025-06-11 00:00:00
supertrend_10_3_zn30,target_sideway_detect,mi,0.00042007139535504834,2020-11-03 08:00:00,2025-06-11 00:00:00
heikin_ashi_trend_zn30,target_sideway_detect,mi,0.0,2020-11-03 08:00:00,2025-06-11 00:00:00
ret_skew_30d_zn30,target_sideway_detect,mi,0.0,2020-11-03 08:00:00,2025-06-11 00:00:00
ret_kurt_30d_zn30,target_sideway_detect,mi,0.0,2020-11-03 08:00:00,2025-06-11 00:00:00
var_95_30d_zn30,target_sideway_detect,mi,0.00028589843331250364,2020-11-03 08:00:00,2025-06-11 00:00:00
cvar_95_30d_zn30,target_sideway_detect,mi,0.0007722286992011274,2020-11-03 08:00:00,2025-06-11 00:00:00
z_score_gap_zn30,target_sideway_detect,mi,0.0014115576362374593,2020-11-03 08:00:00,2025-06-11 00:00:00
engulfing_up_cnt_20_zn30,target_sideway_detect,mi,0.0008663039321881172,2020-11-03 08:00:00,2025-06-11 00:00:00
doji_ratio_20_zn30,target_sideway_detect,mi,0.0005002890163046114,2020-11-03 08:00:00,2025-06-11 00:00:00
hammer_cnt_20_zn30,target_sideway_detect,mi,0.0015101918555928684,2020-11-03 08:00:00,2025-06-11 00:00:00
mfi_zn30,target_sideway_detect,mi,0.0016120446578500314,2020-11-03 08:00:00,2025-06-11 00:00:00
cmf_zn30,target_sideway_detect,mi,0.0,2020-11-03 08:00:00,2025-06-11 00:00:00
price_volume_corr_20_zn30,target_sideway_detect,mi,0.000683580183624688,2020-11-03 08:00:00,2025-06-11 00:00:00
price_position_ma200_zn30,target_sideway_detect,mi,0.0,2020-11-03 08:00:00,2025-06-11 00:00:00
beta_btc_60d_zn30,target_sideway_detect,mi,0.004924654131553741,2020-11-03 08:00:00,2025-06-11 00:00:00
distance_to_pivot_zn30,target_sideway_detect,mi,0.0001975208425319952,2020-11-03 08:00:00,2025-06-11 00:00:00
volume_profile_hvn_zn30,target_sideway_detect,mi,0.0035638194690992275,2020-11-03 08:00:00,2025-06-11 00:00:00
volume_profile_lvn_zn30,target_sideway_detect,mi,0.0038092461768537422,2020-11-03 08:00:00,2025-06-11 00:00:00
dow_sin_zn30,target_sideway_detect,mi,0.012549207950227848,2020-11-03 08:00:00,2025-06-11 00:00:00
dow_cos_zn30,target_sideway_detect,mi,0.013396414048075789,2020-11-03 08:00:00,2025-06-11 00:00:00
high_mm30,target_sideway_detect,mi,0.002324408756750218,2020-11-03 08:00:00,2025-06-11 00:00:00
low_mm30,target_sideway_detect,mi,0.002478079574421921,2020-11-03 08:00:00,2025-06-11 00:00:00
ma5_mm30,target_sideway_detect,mi,0.0032710205852874985,2020-11-03 08:00:00,2025-06-11 00:00:00
boll_upper_mm30,target_sideway_detect,mi,0.004810028662561638,2020-11-03 08:00:00,2025-06-11 00:00:00
boll_lower_mm30,target_sideway_detect,mi,0.003699134874028509,2020-11-03 08:00:00,2025-06-11 00:00:00
support_level_20_mm30,target_sideway_detect,mi,0.017011578268741,2020-11-03 08:00:00,2025-06-11 00:00:00
resistance_level_20_mm30,target_sideway_detect,mi,0.020062328073294555,2020-11-03 08:00:00,2025-06-11 00:00:00
distance_to_support_mm30,target_sideway_detect,mi,0.0007836194104984262,2020-11-03 08:00:00,2025-06-11 00:00:00
distance_to_resistance_mm30,target_sideway_detect,mi,0.0013684672525826613,2020-11-03 08:00:00,2025-06-11 00:00:00
volume_mm30,target_sideway_detect,mi,0.00499752119144703,2020-11-03 08:00:00,2025-06-11 00:00:00
vol_ma_mm30,target_sideway_detect,mi,0.001356196176164115,2020-11-03 08:00:00,2025-06-11 00:00:00
volume_relative_20_mm30,target_sideway_detect,mi,0.0016757028121321405,2020-11-03 08:00:00,2025-06-11 00:00:00
obv_mm30,target_sideway_detect,mi,0.0017748767407059773,2020-11-03 08:00:00,2025-06-11 00:00:00
amplitude_range_mm30,target_sideway_detect,mi,0.001967469399714039,2020-11-03 08:00:00,2025-06-11 00:00:00
atr_slope_mm30,target_sideway_detect,mi,0.0,2020-11-03 08:00:00,2025-06-11 00:00:00
cci_mm30,target_sideway_detect,mi,0.0003730302850080136,2020-11-03 08:00:00,2025-06-11 00:00:00
adx_scaled_mm30,target_sideway_detect,mi,0.0036189295167252666,2020-11-03 08:00:00,2025-06-11 00:00:00
vwap_mm30,target_sideway_detect,mi,0.04108594799808629,2020-11-03 08:00:00,2025-06-11 00:00:00
obv_diff1_mm30,target_sideway_detect,mi,0.0015255535230900286,2020-11-03 08:00:00,2025-06-11 00:00:00
obv_pct_mm30,target_sideway_detect,mi,0.0010869652523384232,2020-11-03 08:00:00,2025-06-11 00:00:00
obv_slope_14_mm30,target_sideway_detect,mi,0.0017413942338200261,2020-11-03 08:00:00,2025-06-11 00:00:00
trend_flag_mm30,target_sideway_detect,mi,0.017549515781161373,2020-11-03 08:00:00,2025-06-11 00:00:00
keltner_upper_20_mm30,target_sideway_detect,mi,0.008442272964905628,2020-11-03 08:00:00,2025-06-11 00:00:00
keltner_lower_20_mm30,target_sideway_detect,mi,0.008669771027356221,2020-11-03 08:00:00,2025-06-11 00:00:00
tsi_mm30,target_sideway_detect,mi,0.002766785543464101,2020-11-03 08:00:00,2025-06-11 00:00:00
williams_r_mm30,target_sideway_detect,mi,0.0,2020-11-03 08:00:00,2025-06-11 00:00:00
ichimoku_conv_mm30,target_sideway_detect,mi,0.010013765042960143,2020-11-03 08:00:00,2025-06-11 00:00:00
ichimoku_base_mm30,target_sideway_detect,mi,0.018162435789418563,2020-11-03 08:00:00,2025-06-11 00:00:00
ichimoku_span_a_mm30,target_sideway_detect,mi,0.009131949796460592,2020-11-03 08:00:00,2025-06-11 00:00:00
ichimoku_span_b_mm30,target_sideway_detect,mi,0.01658728600696846,2020-11-03 08:00:00,2025-06-11 00:00:00
cloud_thickness_mm30,target_sideway_detect,mi,0.006664459405021805,2020-11-03 08:00:00,2025-06-11 00:00:00
supertrend_10_3_mm30,target_sideway_detect,mi,0.0016338342660127125,2020-11-03 08:00:00,2025-06-11 00:00:00
heikin_ashi_trend_mm30,target_sideway_detect,mi,0.00047417253882087174,2020-11-03 08:00:00,2025-06-11 00:00:00
ret_skew_30d_mm30,target_sideway_detect,mi,0.0016712504939067063,2020-11-03 08:00:00,2025-06-11 00:00:00
ret_kurt_30d_mm30,target_sideway_detect,mi,0.0019774500057447852,2020-11-03 08:00:00,2025-06-11 00:00:00
var_95_30d_mm30,target_sideway_detect,mi,0.01966953422381823,2020-11-03 08:00:00,2025-06-11 00:00:00
cvar_95_30d_mm30,target_sideway_detect,mi,0.018416035775338457,2020-11-03 08:00:00,2025-06-11 00:00:00
z_score_gap_mm30,target_sideway_detect,mi,0.01383111141478821,2020-11-03 08:00:00,2025-06-11 00:00:00
engulfing_up_cnt_20_mm30,target_sideway_detect,mi,0.005841963321258303,2020-11-03 08:00:00,2025-06-11 00:00:00
doji_ratio_20_mm30,target_sideway_detect,mi,0.004121049686871325,2020-11-03 08:00:00,2025-06-11 00:00:00
hammer_cnt_20_mm30,target_sideway_detect,mi,0.0039878550637930665,2020-11-03 08:00:00,2025-06-11 00:00:00
cmf_mm30,target_sideway_detect,mi,0.0,2020-11-03 08:00:00,2025-06-11 00:00:00
price_volume_corr_20_mm30,target_sideway_detect,mi,0.0,2020-11-03 08:00:00,2025-06-11 00:00:00
price_position_ma200_mm30,target_sideway_detect,mi,0.0015260069256053388,2020-11-03 08:00:00,2025-06-11 00:00:00
beta_btc_60d_mm30,target_sideway_detect,mi,0.004256995506911165,2020-11-03 08:00:00,2025-06-11 00:00:00
distance_to_pivot_mm30,target_sideway_detect,mi,0.0003913982691499118,2020-11-03 08:00:00,2025-06-11 00:00:00
volume_profile_hvn_mm30,target_sideway_detect,mi,0.009586433465553768,2020-11-03 08:00:00,2025-06-11 00:00:00
volume_profile_lvn_mm30,target_sideway_detect,mi,0.010315292445208346,2020-11-03 08:00:00,2025-06-11 00:00:00
hour_sin_mm30,target_sideway_detect,mi,0.009661509099075927,2020-11-03 08:00:00,2025-06-11 00:00:00
hour_cos_mm30,target_sideway_detect,mi,0.008215062450314559,2020-11-03 08:00:00,2025-06-11 00:00:00
dow_sin_mm30,target_sideway_detect,mi,0.017210858961492326,2020-11-03 08:00:00,2025-06-11 00:00:00
dow_cos_mm30,target_sideway_detect,mi,0.010920497359404369,2020-11-03 08:00:00,2025-06-11 00:00:00
_orig_idx,target_sideway_detect,mi,0.059286697349791195,2020-11-03 08:00:00,2025-06-11 00:00:00
_orig_ts,target_sideway_detect,mi,0.053505177110833024,2020-11-03 08:00:00,2025-06-11 00:00:00
rolling_volatility,target_sideway_detect,mi,0.0400747518665554,2020-11-03 08:00:00,2025-06-11 00:00:00
ewmavolatility,target_sideway_detect,mi,0.04557010884565549,2020-11-03 08:00:00,2025-06-11 00:00:00
return_skewness,target_sideway_detect,mi,0.00035381341682638734,2020-11-03 08:00:00,2025-06-11 00:00:00
tail_bias_norm,target_sideway_detect,mi,0.0003688436093620684,2020-11-03 08:00:00,2025-06-11 00:00:00
logreturn_pct_rank,target_sideway_detect,mi,0.0033854153413037658,2020-11-03 08:00:00,2025-06-11 00:00:00
